filename,Label
0.png,AMWOZY
1.png,YLJSLC
2.png,QJAWFT
3.png,LAEGUN
4.png,KRZBCJ
5.png,DZAHCK
6.png,DFGFQL
7.png,MMINVS
8.png,ZIBCZP
9.png,HTMXYM
10.png,OQLUIX
11.png,SBYRWR
12.png,ZQZEOF
13.png,HTUXDH
14.png,HDLVIN
15.png,KCOABJ
16.png,FXCMWB
17.png,IDZCLH
18.png,ILJAJW
19.png,SYMKJF
20.png,ZUUDPH
21.png,VCNEQY
22.png,IERMYR
23.png,OBBQSB
24.png,ORMODV
25.png,MMFYWQ
26.png,NUFBJH
27.png,XZAVHC
28.png,VEOLRK
29.png,KTPYRP
30.png,SQZYTW
31.png,FFWIWK
32.png,HXSEKN
33.png,XUPSEA
34.png,KXJGCJ
35.png,PRKICM
36.png,BMXBXC
37.png,JXLFQK
38.png,ZARZSH
39.png,JXHTXT
40.png,VXSKLZ
41.png,DOQHIH
42.png,JCHSKX
43.png,PQHRXA
44.png,YYLJQF
45.png,DXDYHN
46.png,PPHDGE
47.png,EANLNK
48.png,CMDVZY
49.png,DFHVLA
50.png,EEVPSQ
51.png,DZDJRN
52.png,TPNEQG
53.png,WYWZER
54.png,QCMJUI
55.png,PKXBVS
56.png,WEUJIO
57.png,NRZSJR
58.png,ZWARUR
59.png,NHLRZD
60.png,XYGTMU
61.png,YPHTGR
62.png,ZEYOCC
63.png,ZUWSWG
64.png,XASRBC
65.png,AQQZNZ
66.png,TSEJOO
67.png,UAYCUH
68.png,VHSHKH
69.png,BWULDH
70.png,IYLIXS
71.png,JGNFXX
72.png,YRQWUT
73.png,AWMCRS
74.png,BHEPAG
75.png,SADPIH
76.png,XVSIGB
77.png,QMCHHJ
78.png,DUWBRX
79.png,IDXSCH
80.png,QXNKGG
81.png,LFSJOS
82.png,ENFIEC
83.png,QSPQQT
84.png,KHTBIO
85.png,RZGOUO
86.png,EVZGEY
87.png,GRUDTH
88.png,UDCCKX
89.png,ZXAXGG
90.png,NHNIGV
91.png,PHAQQY
92.png,DBQTPH
93.png,WLNEKY
94.png,SLQEGP
95.png,KCHJBB
96.png,ZEYJFO
97.png,GCKVAX
98.png,PBDEQA
99.png,ZGNZOH
100.png,XUKCOG
101.png,OMGKJK
102.png,UHOUVT
103.png,LBFNFC
104.png,TPORPQ
105.png,AMTJPI
106.png,OLNEDO
107.png,ZABTHK
108.png,MFWABP
109.png,VTXZNY
110.png,QTXHUN
111.png,KAOEMM
112.png,BHGCKR
113.png,IYGAEV
114.png,VWTYUZ
115.png,SYFXQE
116.png,NOSWPY
117.png,PMIHWN
118.png,HRFBSE
119.png,UDVOIK
120.png,JWTKWK
121.png,MJNXDS
122.png,OOEIZF
123.png,CCDCUC
124.png,IILTSC
125.png,JWDIRA
126.png,DGLVAP
127.png,SIRRKX
128.png,HFOEAL
129.png,HJTXRH
130.png,CEJVXO
131.png,DBVUEF
132.png,JJEVSC
133.png,FABFAQ
134.png,PTQZES
135.png,SBRTZM
136.png,FVSXDA
137.png,GWJOFK
138.png,VIIFUJ
139.png,HYZLFD
140.png,KZMYHV
141.png,CFLHUV
142.png,AXPUTE
143.png,IJMRWQ
144.png,EIPMYK
145.png,AJVQAG
146.png,EUECFS
147.png,NOKPRB
148.png,TOWUFD
149.png,TQEVVZ
150.png,GUZASD
151.png,MWCMCH
152.png,BQFSKS
153.png,PZWGPK
154.png,PNCJGP
155.png,YMTEZH
156.png,PWOKPD
157.png,QOVFJN
158.png,FHIVPX
159.png,KSVMUH
160.png,QBXKUC
161.png,VKKXBY
162.png,GCWEGN
163.png,XODKTB
164.png,IPXWKR
165.png,RAECVQ
166.png,FTKIWD
167.png,GXEKQR
168.png,QZUDSD
169.png,MADUHK
170.png,DLHIBV
171.png,CKMHTT
172.png,FWQPFV
173.png,ILBRMP
174.png,SCFBLG
175.png,VAGXQJ
176.png,CLDQIP
177.png,ZHQZHS
178.png,MDYAEI
179.png,LDEYYB
180.png,HRSRVI
181.png,WBGTMZ
182.png,VYEUDZ
183.png,XGUZCT
184.png,QGVGAO
185.png,FPKJCT
186.png,BGJBGU
187.png,BXZVID
188.png,CHVIBP
189.png,XSBERF
190.png,XEMZYB
191.png,JYLEJM
192.png,JLELCC
193.png,LVXUNS
194.png,XRPASL
195.png,XEQVJJ
196.png,GVFFZC
197.png,XTQYSJ
198.png,CAEWXF
199.png,DHCDLL
200.png,YMLRTI
201.png,XDGLTN
202.png,ROIILS
203.png,GMUAUG
204.png,JLPXQO
205.png,CABQZR
206.png,KJMSKB
207.png,MIHYDK
208.png,BUWVPK
209.png,MLUMMK
210.png,JYRAFW
211.png,QNWGBF
212.png,THCFYK
213.png,UJHRMZ
214.png,KLJIRI
215.png,OAVXXZ
216.png,YBLDPX
217.png,OPQWGB
218.png,LDMCXY
219.png,UNNJIU
220.png,UDYKPV
221.png,DZWNYW
222.png,OZMGLL
223.png,JLNWEM
224.png,RBZTBN
225.png,JILKKR
226.png,JHOJTY
227.png,UJRIYP
228.png,ITQMCE
229.png,ERLPGC
230.png,OLQHMX
231.png,SEMOWD
232.png,ZQMMGA
233.png,XOJFBJ
234.png,HMAEPI
235.png,AXVIKF
236.png,ATDXDZ
237.png,XCKJAZ
238.png,LFUALD
239.png,QXULJI
240.png,NEKRYN
241.png,HOZPVJ
242.png,HQXDJL
243.png,TKMIPA
244.png,YLUURU
245.png,OORZFG
246.png,KUPWSK
247.png,UXEIXA
248.png,GMXJQR
249.png,DXRLOW
250.png,JIHWDU
251.png,ZMXDEP
252.png,SSHFGW
253.png,FUESLY
254.png,SCAEYV
255.png,XFQAKX
256.png,ETNQYA
257.png,DDFKBE
258.png,JWWFDC
259.png,IZZLZS
260.png,XRPSXF
261.png,HLDIQX
262.png,URXJSA
263.png,IIZUIA
264.png,ODTDRC
265.png,XFYXLA
266.png,OMRDBW
267.png,RTNCJK
268.png,VQDVWE
269.png,MUHQTW
270.png,PUIGUD
271.png,QSQSRT
272.png,CGLPSS
273.png,NYZASF
274.png,KDLKJU
275.png,LZKSIL
276.png,UJJCCM
277.png,JNMLQO
278.png,UADFGJ
279.png,WFCDGT
280.png,BOBTEE
281.png,YLXSHB
282.png,XNXSUD
283.png,FBHGTA
284.png,LUBUVK
285.png,FAZECW
286.png,QPBNKQ
287.png,IWKCZT
288.png,CFKZAV
289.png,HAYOML
290.png,ERWLMN
291.png,GWJOZE
292.png,AFXRVA
293.png,LNUHFI
294.png,QTTLHZ
295.png,PDDTHC
296.png,KSKQBE
297.png,OSCSRU
298.png,OQMUKH
299.png,OELNWV
300.png,WJOXRW
301.png,VTTBDO
302.png,SPZLDB
303.png,UGLWRA
304.png,FGCSAO
305.png,YDSNUZ
306.png,HIHSFN
307.png,IYSBLX
308.png,RRHHBN
309.png,WYJUHS
310.png,CAYIVB
311.png,UYEDRG
312.png,ULIQTP
313.png,HPULAJ
314.png,LYGHJE
315.png,OJTXST
316.png,IWOYPA
317.png,GKKIMV
318.png,MYOIDA
319.png,JUVTOT
320.png,OZBBNE
321.png,NQUZIF
322.png,JYODSR
323.png,FPNYTF
324.png,SZXLPM
325.png,TSICHH
326.png,ORYTWF
327.png,REWSIK
328.png,TELFUG
329.png,ASCWIZ
330.png,OANPDV
331.png,DYBJRA
332.png,JGISKP
333.png,SLBSOZ
334.png,RZDMRC
335.png,PHPXBQ
336.png,XEKYCD
337.png,OKJCYP
338.png,HNLJZS
339.png,GWVDFX
340.png,EUACDG
341.png,AQEGGA
342.png,IDVBKM
343.png,SLCHOY
344.png,ZVNJCN
345.png,CBDVDX
346.png,CXVURY
347.png,VSGKLN
348.png,OJFIJV
349.png,ANKAHM
350.png,WDGKZN
351.png,PHZDQK
352.png,EPBQOY
353.png,OIOKZT
354.png,CDTZJL
355.png,PJFODM
356.png,MHRXQY
357.png,DHMXHR
358.png,GKMDKF
359.png,MUISDJ
360.png,MVXUBU
361.png,XAOBMJ
362.png,DHSQMT
363.png,YLUGUI
364.png,KIKRGZ
365.png,JLBVIY
366.png,TKMJDG
367.png,MWRBFY
368.png,XPVZRY
369.png,HDWIZR
370.png,VQCTCT
371.png,ZFQSRR
372.png,JDDSHK
373.png,QLMQET
374.png,GXSZFN
375.png,VHHTRT
376.png,WEPCXV
377.png,COBRPK
378.png,RNUGVT
379.png,XKMRTZ
380.png,MGMKCB
381.png,MUNURT
382.png,KYDRJE
383.png,OSGUDL
384.png,GVTKKD
385.png,HAGVXR
386.png,XOMBMM
387.png,TYQDUV
388.png,WSPBVM
389.png,WRIZVE
390.png,CJCVUY
391.png,HDPCOQ
392.png,TLFOVG
393.png,FPCPEK
394.png,HRAOTG
395.png,XKLKES
396.png,OEYCSN
397.png,FOENZS
398.png,EYIDZF
399.png,ZIXRKY
400.png,ZLAWUW
401.png,WAUEVV
402.png,VCPKAF
403.png,AUKEPA
404.png,ZPTDFR
405.png,DNBPWL
406.png,JDOZJT
407.png,BOUFXK
408.png,CPWNIL
409.png,YTKEGT
410.png,MLITGE
411.png,XBELAI
412.png,LYGYHJ
413.png,XYQJBR
414.png,FTDISQ
415.png,IMIEHJ
416.png,PLTRCD
417.png,SDQSEJ
418.png,IEWVYD
419.png,MKBGZG
420.png,SJAJFR
421.png,OHFUXW
422.png,JPJVGW
423.png,YTDOPW
424.png,XLVLZY
425.png,RWEMYA
426.png,UZZIBO
427.png,TAWEHY
428.png,DMHHZN
429.png,QSBSPP
430.png,NOIJIO
431.png,YQFWZM
432.png,EXDWAT
433.png,AXMJCN
434.png,PKRPLM
435.png,BDMVVP
436.png,OBCAWZ
437.png,HOPVZN
438.png,YDBLHD
439.png,ROWYEI
440.png,PWUBJN
441.png,IPJOII
442.png,VJSPJQ
443.png,RDHMGD
444.png,JOJBXW
445.png,RGHMAD
446.png,AGFQOG
447.png,MOSUUP
448.png,CYQVDQ
449.png,RMUBMI
450.png,YGDGOZ
451.png,XGBSWE
452.png,LZJLPE
453.png,FYIWBB
454.png,LXUEDM
455.png,TLIJGO
456.png,KITSIE
457.png,HHPBNO
458.png,AGUEEW
459.png,ETDJND
460.png,VIRWMV
461.png,SJFPQL
462.png,CZEHNZ
463.png,XAAVIU
464.png,ODFFEF
465.png,LFTZFB
466.png,JMJZIR
467.png,WVUYKR
468.png,RHUKUA
469.png,DUDHQX
470.png,ZGHEFG
471.png,MCXKKF
472.png,WVLUFT
473.png,AVPXMW
474.png,GQYANF
475.png,NENWDI
476.png,DSJEEI
477.png,MMYMJY
478.png,HSWAVW
479.png,URADIM
480.png,RPGOUQ
481.png,FFEWLW
482.png,NIFZJE
483.png,WYJGWG
484.png,YZIPQR
485.png,NJBQWI
486.png,IGDMHY
487.png,WEDQWL
488.png,ZUEQWF
489.png,JUWOCK
490.png,EOUMSV
491.png,HGPEJH
492.png,YTILGE
493.png,GIBOYD
494.png,PGGGBF
495.png,FEABID
496.png,OLGPGD
497.png,EMVIIJ
498.png,GTIMGM
499.png,DGRGCN
500.png,YZOGCN
501.png,KUSSZN
502.png,HCPETZ
503.png,RLLTPF
504.png,VFTJTB
505.png,PAPAPG
506.png,EXQGCC
507.png,MIPNXF
508.png,NTBFSJ
509.png,DLECPP
510.png,EPFHUD
511.png,TZREJG
512.png,IDMKSM
513.png,TTIHVW
514.png,JHISPJ
515.png,IJBONE
516.png,LTNBFZ
517.png,AFCXUU
518.png,DJJEJG
519.png,CHVSIJ
520.png,RLBVDE
521.png,PGBBYG
522.png,WPFOSW
523.png,DJDQTS
524.png,KKEWSJ
525.png,SJIZKO
526.png,ZYFYVN
527.png,YMADEG
528.png,EHXWEY
529.png,CBKGHB
530.png,HICVSG
531.png,UBITWZ
532.png,TRXVZA
533.png,SFDXCF
534.png,EXJUWM
535.png,YMSJEX
536.png,UJQFLC
537.png,KWTGEU
538.png,FXLGBG
539.png,BTMIGA
540.png,PGYKIX
541.png,LQRYNR
542.png,CJDILA
543.png,VYWBTK
544.png,TZDQVV
545.png,BGVUJS
546.png,BXWYJZ
547.png,HEUEIB
548.png,IYCYJS
549.png,XSMVXR
550.png,NLPJAV
551.png,SVMSUX
552.png,ELLTZL
553.png,MIZJLF
554.png,WMTGAO
555.png,UPAXLZ
556.png,UFARNN
557.png,SKTUCG
558.png,LMFMCC
559.png,RMCUXM
560.png,FAHULF
561.png,HPDYLX
562.png,MTLROE
563.png,HXUDZP
564.png,UZKUZT
565.png,HKCQEQ
566.png,IZHJXR
567.png,JFUPYQ
568.png,HHFCPH
569.png,MFBNLQ
570.png,NTDBOG
571.png,HVKNQE
572.png,EGPGWZ
573.png,BOKQEA
574.png,EWIEYJ
575.png,YUZBZK
576.png,XHVTDE
577.png,WUIPCQ
578.png,ISYXUB
579.png,TUOOZI
580.png,VIVGRO
581.png,GDSQEW
582.png,RMJDSH
583.png,GFADQR
584.png,BKFZRX
585.png,GVJWRW
586.png,KSFEEN
587.png,KYDVNN
588.png,UZQYRH
589.png,HJHYKO
590.png,ADQICW
591.png,PBCTTF
592.png,DUNUYR
593.png,TKQKTA
594.png,VJQHNS
595.png,CJYVDY
596.png,MGHHYQ
597.png,KNGFRC
598.png,UWOMHH
599.png,HACMJM
600.png,DGBTRS
601.png,NFFDLB
602.png,ATZVOM
603.png,YJGCAS
604.png,FJMVZT
605.png,LJDTSO
606.png,MRUYJE
607.png,HCJGIT
608.png,VVAYFJ
609.png,VBTZQS
610.png,NUULQP
611.png,ZDTOHC
612.png,DPMGUX
613.png,ABEBLF
614.png,CHHXIM
615.png,MPVLNI
616.png,BTSTCX
617.png,MEIPBQ
618.png,RBBCEU
619.png,QCWZMN
620.png,UQRVWZ
621.png,LXRQST
622.png,OOGFMC
623.png,LLLYZW
624.png,ZDFCDB
625.png,LKGXGF
626.png,KGGQTB
627.png,MWVAEU
628.png,UTCGWL
629.png,MJGVHC
630.png,PLJTXX
631.png,VGHAQT
632.png,CXCZNL
633.png,ONVZFO
634.png,BJEQHC
635.png,OKLECO
636.png,HIUYMG
637.png,PVOSHW
638.png,ARUBTX
639.png,THVFIM
640.png,AFYGXG
641.png,QBUQSD
642.png,ECOVGV
643.png,VETMOI
644.png,JBIAVC
645.png,CPCTZC
646.png,CHWLGF
647.png,INXUYD
648.png,XTUZJG
649.png,MGSKOK
650.png,JKYFSS
651.png,CHMCRX
652.png,IRCHII
653.png,ZNMCSX
654.png,KIMEGR
655.png,VWGWEA
656.png,VGFUCC
657.png,AYOSHM
658.png,QBLYUW
659.png,FZCCLJ
660.png,MNUZYG
661.png,VHYYNG
662.png,QUJIMT
663.png,ASOGNX
664.png,DHVHEZ
665.png,FNGDYN
666.png,TKJFRE
667.png,XCNUHI
668.png,MPVHWN
669.png,XYCDQI
670.png,WLMUCF
671.png,OTKMXS
672.png,SMVRTX
673.png,HSZERW
674.png,AFMPSC
675.png,GVERPW
676.png,XCAYMI
677.png,ADDRCS
678.png,MBZBYM
679.png,DVWALO
680.png,OPHXRC
681.png,FALNVL
682.png,IAAERA
683.png,PBMNRC
684.png,APWGDC
685.png,UGMEMT
686.png,HHFXJT
687.png,VHHBBB
688.png,VFVFDG
689.png,DGQMNT
690.png,ZAEOKU
691.png,JZPAZL
692.png,KQNPLE
693.png,GBORYU
694.png,XWZXEP
695.png,DKNNYX
696.png,GZWWIX
697.png,WGJUML
698.png,LOOBAP
699.png,BSIQVL
700.png,EPRFJU
701.png,QPZOTP
702.png,GWYZIQ
703.png,CDKZPH
704.png,KLFABD
705.png,DADKFI
706.png,ZRKSCO
707.png,GYRPTU
708.png,JTZWTT
709.png,EMVGXI
710.png,KSGKOB
711.png,EYPVTT
712.png,XEWNRB
713.png,SMSISB
714.png,BRFEXA
715.png,BLDNNH
716.png,AGLJFB
717.png,FRRCIJ
718.png,WXRXPB
719.png,AQJXVW
720.png,TEKFSN
721.png,YUBZOZ
722.png,RLWGWZ
723.png,BTBLQT
724.png,DKUSKH
725.png,LQSSGS
726.png,JEKARF
727.png,XEZWNL
728.png,MISDRU
729.png,YRSWLU
730.png,SBEZOL
731.png,IQZFXZ
732.png,QQJKLC
733.png,BSFWOB
734.png,LAPQZG
735.png,YMINKZ
736.png,FEPCZF
737.png,NATSPD
738.png,PQORJH
739.png,DTRTSY
740.png,LIFTTT
741.png,TYMHRD
742.png,GVAPSX
743.png,CRSUHG
744.png,BFTRYD
745.png,EYBEZI
746.png,STXYUE
747.png,WAOTHH
748.png,TETQIQ
749.png,TIQYJD
750.png,BCFHUM
751.png,FWJQRI
752.png,LYIVGK
753.png,WEEDRU
754.png,VGKXPV
755.png,WRWYLV
756.png,STQAOD
757.png,FYMEWC
758.png,MMOPTN
759.png,XNOOBA
760.png,KGOHJL
761.png,EGPROA
762.png,IATLYD
763.png,YWEHGD
764.png,NZJRSU
765.png,GATADS
766.png,YORJPU
767.png,UFQNJF
768.png,ALZOZP
769.png,LOEHCJ
770.png,DKYJPA
771.png,QHBCZF
772.png,TOSWHZ
773.png,RQPBGR
774.png,AQVSKG
775.png,MZDMUY
776.png,HZGQOF
777.png,FYOQWD
778.png,OUZPFJ
779.png,NSQEOR
780.png,GOKFMC
781.png,IAHDQG
782.png,JLVGYS
783.png,FZAOZV
784.png,KNIRNR
785.png,GVTXPF
786.png,SZXKZX
787.png,MVZQHL
788.png,VOPORF
789.png,LBAJWM
790.png,TOUACW
791.png,FJXUPQ
792.png,WCGWRY
793.png,UBVMVK
794.png,UMRGNR
795.png,ESRNPV
796.png,RVGDXH
797.png,SDVXPM
798.png,KRTTPV
799.png,PDXMXC
800.png,SNGHFB
801.png,RVVVAY
802.png,KCUTFG
803.png,DKYVZE
804.png,MCKXIK
805.png,UBZMGC
806.png,JHINWW
807.png,KJMIXH
808.png,JZASHU
809.png,DZUXVC
810.png,FFVYTB
811.png,IIGHII
812.png,NNPODJ
813.png,IAPSAV
814.png,DBLSWX
815.png,TKIZOZ
816.png,MKJBDE
817.png,ZDBVFR
818.png,ADBIPB
819.png,EJARNS
820.png,OJOJZF
821.png,GNEDXE
822.png,GISXKR
823.png,QYYSKC
824.png,PPXPVE
825.png,HLCAMX
826.png,NZSMWU
827.png,WZZMNI
828.png,UWRXYV
829.png,ZXHXYF
830.png,UBKDUP
831.png,SFTBAQ
832.png,GFTBMW
833.png,YDRIJO
834.png,SRGMFT
835.png,XGVZVR
836.png,NTQBHS
837.png,RIHQAD
838.png,PPMXHV
839.png,WEONNQ
840.png,EXONYP
841.png,LIGSTC
842.png,HUNVVS
843.png,BLODEE
844.png,MNQKFG
845.png,GLJAQP
846.png,JQYORD
847.png,YHFEAE
848.png,XYJLGZ
849.png,VPYASD
850.png,THUOOH
851.png,CWEKSK
852.png,IFNFZR
853.png,DGUBWL
854.png,CTLDAT
855.png,RRTPAH
856.png,RTHFSC
857.png,UIESUA
858.png,GQQKML
859.png,EIOETK
860.png,RHKHGO
861.png,ZQDUHA
862.png,KLUKLS
863.png,DYZNEU
864.png,LZTPNX
865.png,TFUMGD
866.png,BGQAVM
867.png,YAWLGL
868.png,AGHTED
869.png,EHKOMP
870.png,HRLTAA
871.png,BBWKFZ
872.png,ZNBMON
873.png,CDKZZX
874.png,WUSJDG
875.png,QFNXTD
876.png,OYBERQ
877.png,EKHMCH
878.png,CMZLVK
879.png,POFXCL
880.png,DLIOLG
881.png,KZMTJJ
882.png,ZZNWQS
883.png,XAAOBV
884.png,AIXQNP
885.png,JLLSGB
886.png,PFQSUS
887.png,DOCKFI
888.png,HCRPUD
889.png,IWQQKJ
890.png,BZRIIH
891.png,BXCICQ
892.png,NTLZDG
893.png,DJJQFE
894.png,TFELKD
895.png,HGNLEH
896.png,EFNJPT
897.png,HOOYOY
898.png,SJZNUX
899.png,IRNMIV
900.png,VYUYHT
901.png,EOXJIO
902.png,QOZLHK
903.png,RLQZXW
904.png,JGUINB
905.png,CSCJEU
906.png,GLFAKG
907.png,XNWEBD
908.png,ZTNJKP
909.png,SHAYVJ
910.png,UJJLDW
911.png,QKPMFN
912.png,SMEJMH
913.png,IVUUBC
914.png,PZCZUF
915.png,LGFORT
916.png,SDDCUB
917.png,HMSHKG
918.png,DOQCVH
919.png,NBQRQT
920.png,YDSYUK
921.png,RPVSNE
922.png,ZMMGKC
923.png,DSBHLA
924.png,YYIKDA
925.png,RBPBMC
926.png,XMARRV
927.png,VFVRKH
928.png,RLLHWL
929.png,UCJATC
930.png,PBJCQZ
931.png,EIGHLT
932.png,LZACUK
933.png,WUAQQA
934.png,GHKHLA
935.png,VWKSDR
936.png,MXAHWA
937.png,TGAHUK
938.png,UPVAAX
939.png,XDSZVA
940.png,CEYWAH
941.png,JZTQDJ
942.png,YQOSFQ
943.png,ZEPKZI
944.png,FGPICK
945.png,OOVZGU
946.png,YBGMSO
947.png,FYKHYR
948.png,HSEWMU
949.png,KSDZAB
950.png,SQTJXK
951.png,PZMHMR
952.png,CKXEUR
953.png,SPUTWX
954.png,DQOUIS
955.png,ZWBXYE
956.png,EAXEXQ
957.png,PGQKVU
958.png,ROWDXE
959.png,SSTGOF
960.png,TJBHWT
961.png,QWJPGQ
962.png,KSFBFB
963.png,JRUXWS
964.png,YRHGKG
965.png,GHERKM
966.png,GUEONP
967.png,EHNODD
968.png,ESGWXC
969.png,ZEZCLJ
970.png,DTWHRM
971.png,HGMVOT
972.png,BTMQPX
973.png,KYXEVV
974.png,COSBFN
975.png,NSQFTH
976.png,UZBCSW
977.png,IQESVQ
978.png,UCTAAC
979.png,PWOZNR
980.png,JYVBNV
981.png,PHTOMB
982.png,OECGSQ
983.png,SEQIMP
984.png,LHKMBL
985.png,WNXFGB
986.png,JQBFQF
987.png,KZWWWR
988.png,ICTYAV
989.png,SMMOXS
990.png,HNCJCE
991.png,HTXTHS
992.png,QUAYOV
993.png,VLLRTI
994.png,GCQIEU
995.png,YJPNJJ
996.png,FCEZOI
997.png,HWVWWD
998.png,PPWSMO
999.png,BYEWMS
1000.png,GNIDRP
1001.png,JHLYWW
1002.png,TTWWSN
1003.png,BZTSUJ
1004.png,LEAFMI
1005.png,BKUHYH
1006.png,IUJJCR
1007.png,WSJOBU
1008.png,IJDASC
1009.png,FYSRHZ
1010.png,AGDAEU
1011.png,MXGTEZ
1012.png,LVKFLW
1013.png,RRHUVL
1014.png,HQJXPY
1015.png,ABOOKL
1016.png,CEEXFF
1017.png,AKDIAR
1018.png,AKTQNL
1019.png,NMHMIH
1020.png,FHFRKQ
1021.png,OOKQQQ
1022.png,TATBLJ
1023.png,XMIVCO
1024.png,QIAYIB
1025.png,ARHUZJ
1026.png,DJLFPO
1027.png,QMWFTD
1028.png,UKGFRB
1029.png,MILPEZ
1030.png,UIBXME
1031.png,HABCEV
1032.png,WQAUEO
1033.png,UERUCG
1034.png,YHDMVX
1035.png,EFIEBA
1036.png,UUFZEQ
1037.png,YLXZXG
1038.png,YSLAXY
1039.png,JGUDXK
1040.png,KCJZNK
1041.png,YPTGFF
1042.png,XTWLNK
1043.png,XKDGEP
1044.png,YBVLVO
1045.png,MECKOQ
1046.png,UDDNHH
1047.png,DWQGXV
1048.png,QOQKCI
1049.png,AXWGBM
1050.png,ETTQDR
1051.png,EXIZFP
1052.png,MJLQDF
1053.png,DRLUDW
1054.png,RMJPVM
1055.png,PEHZFR
1056.png,TPHWHW
1057.png,RSVIZB
1058.png,ADWYEX
1059.png,YXEOXM
1060.png,GKICSK
1061.png,YAWXOB
1062.png,ARPLPK
1063.png,OLQOFA
1064.png,ZLIKNJ
1065.png,WNKQAF
1066.png,YRHQFP
1067.png,OWQATR
1068.png,WIESAR
1069.png,EMZXEF
1070.png,YTQIXN
1071.png,GCBJEZ
1072.png,PDNALP
1073.png,DSANPW
1074.png,ZWEPHU
1075.png,PURABM
1076.png,ERDATQ
1077.png,SGJJWU
1078.png,MQOMUN
1079.png,KUTHVI
1080.png,TGNGXH
1081.png,MQKGZY
1082.png,ELWNOH
1083.png,EDWART
1084.png,VHODHR
1085.png,IPIAFZ
1086.png,BVXSMB
1087.png,VEZWPE
1088.png,YWRTSR
1089.png,TVZLUZ
1090.png,GBBBAI
1091.png,HPKPQH
1092.png,KGODKO
1093.png,NESWPZ
1094.png,MMQATT
1095.png,LWYNGC
1096.png,YLLHUB
1097.png,QOBRFM
1098.png,GFHDMR
1099.png,KMIGAD
1100.png,LVGJQP
1101.png,WRUEJT
1102.png,MZSJGI
1103.png,GFDVJZ
1104.png,ZZYANJ
1105.png,NTWCWF
1106.png,WJIXCG
1107.png,FEOHMA
1108.png,YMNTPJ
1109.png,ILWDTL
1110.png,SPYFOE
1111.png,PNYMYU
1112.png,XZRGZM
1113.png,OYNMKP
1114.png,FIUBEU
1115.png,MIDHRM
1116.png,RAODMI
1117.png,PPLJHK
1118.png,YUGKKQ
1119.png,KNQHXS
1120.png,NOEFJC
1121.png,LXEPUT
1122.png,HBVASF
1123.png,XCNFBS
1124.png,ZIKMBP
1125.png,ULNUPS
1126.png,OTPDPF
1127.png,ITQQJJ
1128.png,WTIZQY
1129.png,KGMNMA
1130.png,AFQYGR
1131.png,NFNRDD
1132.png,TYXFVW
1133.png,FZUHKQ
1134.png,MTPKRQ
1135.png,YXZBEA
1136.png,DYESHQ
1137.png,UDIFHU
1138.png,MRSNMA
1139.png,DTAZHQ
1140.png,LHQYSW
1141.png,LBPNBL
1142.png,FDUVHQ
1143.png,DPHZQD
1144.png,TQKSRP
1145.png,DFPTZA
1146.png,BCVNRQ
1147.png,NFTUOR
1148.png,IBRMJJ
1149.png,CIBAFC
1150.png,DSTEOH
1151.png,JXEFLJ
1152.png,MLJUGW
1153.png,EXYUII
1154.png,WMPIII
1155.png,KWSQHR
1156.png,HESHWV
1157.png,GNJTPN
1158.png,GVPLWF
1159.png,HIQXTQ
1160.png,KEUHEL
1161.png,OXTZWK
1162.png,NGKLHH
1163.png,KOWGQU
1164.png,TFOBVK
1165.png,BKNZEE
1166.png,JPBTUD
1167.png,KEBSLJ
1168.png,HVNSRR
1169.png,GRXMHY
1170.png,KOWEDX
1171.png,DLAAOY
1172.png,SLOBZH
1173.png,YVEJDI
1174.png,XNAMHR
1175.png,BLPQPZ
1176.png,VNANPA
1177.png,VKZZTD
1178.png,IAQFUJ
1179.png,WVPLFB
1180.png,GCNTYM
1181.png,RTKIAF
1182.png,AHQKJE
1183.png,SDGUCW
1184.png,WJWSDE
1185.png,HHELOL
1186.png,ZLVKXC
1187.png,DCATSK
1188.png,RIEQAM
1189.png,NUIHOI
1190.png,IQCMEP
1191.png,CQCVYK
1192.png,YUKOFU
1193.png,PVFLVM
1194.png,ELCKYC
1195.png,JHQVGW
1196.png,QZEJJV
1197.png,QABYUX
1198.png,ZMSMGS
1199.png,DYJAZU
1200.png,IJWPVS
1201.png,MWHQOF
1202.png,UJYKTV
1203.png,CARMIE
1204.png,NJLEOM
1205.png,VHXZAC
1206.png,YTDCXF
1207.png,GLNHHU
1208.png,FHVEDM
1209.png,OBROFZ
1210.png,NMQEDY
1211.png,VVDIKD
1212.png,VJSJXS
1213.png,NKWGET
1214.png,XOHONP
1215.png,ZDCTIT
1216.png,CCEZWI
1217.png,ADOKKU
1218.png,STSHHH
1219.png,CXOYJE
1220.png,RAXCHK
1221.png,IGTTFN
1222.png,FNVJHC
1223.png,XWCEOV
1224.png,ISHWIM
1225.png,YBBKFC
1226.png,CBYUWV
1227.png,AODSWY
1228.png,ULLTUM
1229.png,FQXXAC
1230.png,TDRUZS
1231.png,SCKZUL
1232.png,DASMDF
1233.png,NPPJLM
1234.png,ZNYUIS
1235.png,VLKYDX
1236.png,IISPBR
1237.png,LGIDYF
1238.png,AQCMZQ
1239.png,EBCFBB
1240.png,PMACKT
1241.png,ZVCKAV
1242.png,TJDLZO
1243.png,YQTXFC
1244.png,KRDXKP
1245.png,KRXPKN
1246.png,QELTQI
1247.png,EOKUSR
1248.png,ICZMNF
1249.png,VZCTDR
1250.png,EWNIAG
1251.png,IIVFLD
1252.png,GPVLWY
1253.png,MAMILT
1254.png,XPYXFM
1255.png,KJONWI
1256.png,ZVREOJ
1257.png,YXYMCO
1258.png,PPVXVM
1259.png,OJUBNN
1260.png,DCJZGC
1261.png,UZYYOR
1262.png,MOCEJI
1263.png,JMGQZW
1264.png,ZAIIYQ
1265.png,STXSDW
1266.png,QDSRQH
1267.png,DUTRCO
1268.png,SYVEFW
1269.png,IJHDZN
1270.png,ZROWWC
1271.png,LWGXZY
1272.png,ZZPTGF
1273.png,BARRWG
1274.png,AWGABM
1275.png,MYUSLC
1276.png,PQLBCS
1277.png,HOERCI
1278.png,SKHYDY
1279.png,FJWXRW
1280.png,DUUDSN
1281.png,JPUMWL
1282.png,GGMABF
1283.png,PFKWOI
1284.png,IRLVBF
1285.png,PVYYEU
1286.png,RIIPBD
1287.png,KAGDZB
1288.png,NCCLIS
1289.png,UMVXUJ
1290.png,WFPMVS
1291.png,DNZNNA
1292.png,AYXUYS
1293.png,PKEQVF
1294.png,OOYLWD
1295.png,ODMRTB
1296.png,WYZLFF
1297.png,ZMZGSD
1298.png,ZDJHNE
1299.png,PWWLGT
1300.png,TVNQRQ
1301.png,LBPWRR
1302.png,IXBVRH
1303.png,FRVAAL
1304.png,TBGSBA
1305.png,VTJYBB
1306.png,MLCQXO
1307.png,BLHHOK
1308.png,SYYEUE
1309.png,CIFGVF
1310.png,PZSZOS
1311.png,HQLJEO
1312.png,MIDIJN
1313.png,ESZJOM
1314.png,ZTQQAL
1315.png,FKURPX
1316.png,GEZODM
1317.png,CZVCVE
1318.png,KSRNDE
1319.png,NJSJGY
1320.png,MSNIQO
1321.png,CWHDBW
1322.png,PWZYCA
1323.png,GSOFPW
1324.png,FUZXRO
1325.png,QLQFIF
1326.png,TRKQSY
1327.png,WDBZKZ
1328.png,OFZHPY
1329.png,UCNUXR
1330.png,NMNDLE
1331.png,CKFETJ
1332.png,FNQWNE
1333.png,SGPTQR
1334.png,GLQEPW
1335.png,GEMKNF
1336.png,ENUDZD
1337.png,ZUBVFD
1338.png,FTVMER
1339.png,AOUNSD
1340.png,DYDWJP
1341.png,QPBFPC
1342.png,PZXVIK
1343.png,XSCUVP
1344.png,IVMZBV
1345.png,HIOZIA
1346.png,CIWWVZ
1347.png,LZSCVF
1348.png,ANVTLC
1349.png,JXMDQW
1350.png,XRIATG
1351.png,ACEBCP
1352.png,QZNLPV
1353.png,KHWSGE
1354.png,LZIUJF
1355.png,XIBLLV
1356.png,BFLXIC
1357.png,TQKMAU
1358.png,QIEAXO
1359.png,XSPEPZ
1360.png,TWABXU
1361.png,PZRHOE
1362.png,GIAUFD
1363.png,GDMCUR
1364.png,TJZPDB
1365.png,KITWMC
1366.png,YMUBQP
1367.png,ELCXDL
1368.png,XICGAC
1369.png,QEPDWC
1370.png,AQTBRP
1371.png,QOLZOD
1372.png,NCXKCH
1373.png,MSLTTK
1374.png,OONMNK
1375.png,BBHLKA
1376.png,JGRQBR
1377.png,SPTYJN
1378.png,KZHFBE
1379.png,RPBSBO
1380.png,OKQSNC
1381.png,YZXRXU
1382.png,WTHQDF
1383.png,GDZEMS
1384.png,OGFYND
1385.png,MHBTCO
1386.png,CUOOCM
1387.png,PZXBWL
1388.png,YWGYSK
1389.png,OZOZEZ
1390.png,DXFUHF
1391.png,YGTVYW
1392.png,EXKWHJ
1393.png,HPQHGE
1394.png,BIOIKC
1395.png,LMZHDL
1396.png,EJMKKZ
1397.png,ZRHXAF
1398.png,HMTMKI
1399.png,XZFFRW
1400.png,MOQSVH
1401.png,UVQHJC
1402.png,PWMXQO
1403.png,PVKYUK
1404.png,KMDLTE
1405.png,DVIVAL
1406.png,QHBUKU
1407.png,ZZCAYZ
1408.png,JMVDMZ
1409.png,UVLZWY
1410.png,YULWCF
1411.png,KTZGNE
1412.png,MPDNGM
1413.png,EEOSCL
1414.png,LPDFYB
1415.png,GGNLXI
1416.png,ZZYPVC
1417.png,FUFEGB
1418.png,MBSHLX
1419.png,RZRKGN
1420.png,SFQNFN
1421.png,BHRQYI
1422.png,JOXTRA
1423.png,HKUJEM
1424.png,IGSWUG
1425.png,SQWYVY
1426.png,HPQZKT
1427.png,RJBGRR
1428.png,QYNWQR
1429.png,FPYGNP
1430.png,INAQYP
1431.png,VASFUU
1432.png,ADKWVH
1433.png,IRWVCT
1434.png,AURPLY
1435.png,FQPAVT
1436.png,PQGIVN
1437.png,IECUKU
1438.png,XDROBJ
1439.png,LURODV
1440.png,KWTRNS
1441.png,BTEAYY
1442.png,FQEDVB
1443.png,WKVAPQ
1444.png,QJNZRP
1445.png,SYZFPK
1446.png,WYJCCX
1447.png,UFFXAO
1448.png,KIRGPX
1449.png,FEOLCH
1450.png,PVFVCU
1451.png,QTLEZY
1452.png,AQPMBN
1453.png,RKJTXU
1454.png,ZXMLZE
1455.png,JKTIOA
1456.png,KMNORR
1457.png,WCPSIL
1458.png,BZIMZR
1459.png,JMHAOO
1460.png,JIVPGB
1461.png,SEMFHK
1462.png,TYLNGA
1463.png,JUCGKG
1464.png,QEXNSG
1465.png,DRJXYV
1466.png,DSDYGC
1467.png,GVCOVN
1468.png,NMUPWL
1469.png,BPGGAM
1470.png,QJESJM
1471.png,EYYOIX
1472.png,CHCLWY
1473.png,VUQOYS
1474.png,LMLXGK
1475.png,MYYJJS
1476.png,SWGAOQ
1477.png,OFXFMM
1478.png,XYSQNO
1479.png,WUNKGU
1480.png,YACHWN
1481.png,QQEHZR
1482.png,AUNTOB
1483.png,JCCHEV
1484.png,DQQAOD
1485.png,OIBVZW
1486.png,IFZRPU
1487.png,ECWLDI
1488.png,YSJOHO
1489.png,HEKVUY
1490.png,EPOHWR
1491.png,GRLEGT
1492.png,LMYSCT
1493.png,IHGPVU
1494.png,FJQBXD
1495.png,ORXWRO
1496.png,TREGVM
1497.png,AANHEI
1498.png,ZWFQAP
1499.png,CRPTNT
1500.png,BGJOSY
1501.png,UDWLPV
1502.png,YNHBRZ
1503.png,TPAFGO
1504.png,DFFNOU
1505.png,UEHHWV
1506.png,JXKSEO
1507.png,SZIRGG
1508.png,YTWAMR
1509.png,UINBZH
1510.png,BXSFNP
1511.png,LMFZYH
1512.png,UHBLFU
1513.png,GOWBVE
1514.png,GYIBUX
1515.png,ANKMKI
1516.png,DPQFBN
1517.png,EHTMPL
1518.png,ZIJYLI
1519.png,QFYUPL
1520.png,ZMRZGQ
1521.png,XXAJAJ
1522.png,WOJETP
1523.png,KLXURF
1524.png,OQCPYK
1525.png,JSVWEG
1526.png,YHBDUV
1527.png,YAQCNP
1528.png,CWUADN
1529.png,NZDFJT
1530.png,JYOSDZ
1531.png,WEQWDW
1532.png,BSTZWV
1533.png,QGVIMP
1534.png,JSUEID
1535.png,BOLYKP
1536.png,FFOBWQ
1537.png,HTQVGE
1538.png,AADYXQ
1539.png,ODJNQB
1540.png,FWJLHJ
1541.png,PEZKNK
1542.png,PYIVLE
1543.png,XJZRZH
1544.png,SECUST
1545.png,WWLZUO
1546.png,PTIHLG
1547.png,LMWRNP
1548.png,JTPTDS
1549.png,QGCHUH
1550.png,KIXEFN
1551.png,VHHINL
1552.png,QVSYMK
1553.png,QWRCXA
1554.png,VNNTFY
1555.png,VQMYMM
1556.png,GSDJEE
1557.png,NSKSWD
1558.png,TTRTKQ
1559.png,NHCUVV
1560.png,HMCYSN
1561.png,RHHUEU
1562.png,CZYPYS
1563.png,QLIMMO
1564.png,VVDUKQ
1565.png,IZKRRR
1566.png,CUIBUT
1567.png,DCNFBB
1568.png,SBXMSI
1569.png,UMBEOF
1570.png,KYTPGF
1571.png,NXEKAA
1572.png,TIVNBF
1573.png,WQRLBD
1574.png,BPLQUS
1575.png,YPWYOC
1576.png,GFDBBW
1577.png,EBCREW
1578.png,IULIZB
1579.png,YTTVYT
1580.png,RFZIKT
1581.png,MVSDOD
1582.png,MFKWGJ
1583.png,XKTSET
1584.png,ICFVAB
1585.png,KOJJXQ
1586.png,SRLSWE
1587.png,XHEDIC
1588.png,LODHWJ
1589.png,VVOCFW
1590.png,KNDFFH
1591.png,WMRYZA
1592.png,SZIYXJ
1593.png,ZZFNEH
1594.png,QQFAGE
1595.png,JTKFFM
1596.png,DBTGDZ
1597.png,QZYOKZ
1598.png,HIKPKQ
1599.png,KXHKDO
1600.png,UYPWVN
1601.png,SCXTOH
1602.png,WBWTEC
1603.png,MFMEPM
1604.png,FEKUSO
1605.png,ADHTFZ
1606.png,OGSLPS
1607.png,CANVIV
1608.png,TACFGW
1609.png,XRSWID
1610.png,XJRXIY
1611.png,JTHARR
1612.png,VLIQHZ
1613.png,TJHZGO
1614.png,RLAJHT
1615.png,JKNLDZ
1616.png,CQIFFZ
1617.png,BLHZJR
1618.png,JWDINA
1619.png,UABSMU
1620.png,VQOJDG
1621.png,VASTAU
1622.png,GCFPYD
1623.png,OYETZG
1624.png,CKUJSV
1625.png,FGAKGW
1626.png,MVUQQC
1627.png,RKXJTX
1628.png,SOGFYJ
1629.png,AVZIFW
1630.png,YXFJXN
1631.png,FTBEKO
1632.png,HIWNYT
1633.png,HINLTK
1634.png,VXZCVJ
1635.png,GPKAYN
1636.png,XTEQTJ
1637.png,IMVOOO
1638.png,IJTBSO
1639.png,PQSZGX
1640.png,JZZOAW
1641.png,RASKNW
1642.png,LUZHQW
1643.png,IKAHTR
1644.png,GAJMJM
1645.png,NVTTHB
1646.png,WENBIG
1647.png,SCZCGG
1648.png,XJNYZT
1649.png,STITMC
1650.png,ODQPLQ
1651.png,VUVVVZ
1652.png,ZRJONX
1653.png,DSKMYR
1654.png,KDBAGL
1655.png,CSMLCQ
1656.png,LVGJRI
1657.png,AQLRTG
1658.png,CHNZPN
1659.png,XORCPC
1660.png,XUOUMR
1661.png,ZJSAEM
1662.png,KCVFGZ
1663.png,PYJWET
1664.png,WTDKZO
1665.png,AHDHGA
1666.png,BXFHFV
1667.png,QKZJJS
1668.png,GVSBHE
1669.png,OMCXPJ
1670.png,BLFLAC
1671.png,HYSUWM
1672.png,OPUBYV
1673.png,QPLADI
1674.png,NRWIPO
1675.png,KGJFSH
1676.png,FVZZVZ
1677.png,NGJRJJ
1678.png,PNTOJN
1679.png,SBBQKW
1680.png,ZPFDIW
1681.png,CXGLFR
1682.png,KGPNDR
1683.png,YBLMVL
1684.png,UQWYYF
1685.png,OXNMUB
1686.png,RRBPVM
1687.png,WMOIVC
1688.png,KRITCL
1689.png,IOBSRL
1690.png,JWOJJA
1691.png,IEFWHT
1692.png,PGUSLM
1693.png,QJTIFE
1694.png,BUMTCJ
1695.png,FKZLMC
1696.png,FDVDYY
1697.png,XRGLHP
1698.png,DBLDUM
1699.png,ERVOEW
1700.png,FLNBFN
1701.png,TPYQEC
1702.png,RSZRHX
1703.png,UEMAYV
1704.png,WGSNUU
1705.png,XKLNPX
1706.png,GNUDRV
1707.png,XWYRDR
1708.png,HILSVW
1709.png,FPMKZH
1710.png,ZWKKWQ
1711.png,PPWCVO
1712.png,CGXWJY
1713.png,IXZWCR
1714.png,KMQSSR
1715.png,VLHVZK
1716.png,SVZJFU
1717.png,HMNXLP
1718.png,OGBTTS
1719.png,UFFAZS
1720.png,PPAIVB
1721.png,QTQMLV
1722.png,JUYZVX
1723.png,PEBVEG
1724.png,DEPYSZ
1725.png,DYFSOB
1726.png,ZOLQVB
1727.png,AWHJBE
1728.png,DQDMEJ
1729.png,YRTUNA
1730.png,XNOWOW
1731.png,YHVRAU
1732.png,QOLXME
1733.png,HDETWQ
1734.png,MMTZVB
1735.png,XHCPDG
1736.png,ULELLT
1737.png,REAPBA
1738.png,QRAUAS
1739.png,RUTPFS
1740.png,NKCJTE
1741.png,YDBAAD
1742.png,RXJXPI
1743.png,FTXZMM
1744.png,SERHIV
1745.png,UUBCNH
1746.png,CNBSCZ
1747.png,MKMIDK
1748.png,AFWCDM
1749.png,UYUUHV
1750.png,VQNGZT
1751.png,ORWSWV
1752.png,RTFJCM
1753.png,PSAOBD
1754.png,YSELZD
1755.png,IKFHZS
1756.png,DTCCMQ
1757.png,EAQARW
1758.png,IOBVBN
1759.png,ZLXMBM
1760.png,BIBHGK
1761.png,HWUMOF
1762.png,IJJHEP
1763.png,PTMEBV
1764.png,MIRBJR
1765.png,XKOPHS
1766.png,ZEEDXP
1767.png,JUOIQM
1768.png,RFLYRB
1769.png,VHUVYF
1770.png,FBLVHW
1771.png,AJYWPL
1772.png,MQYOLV
1773.png,XTKEQL
1774.png,RFAXUU
1775.png,YJXDWX
1776.png,LTTQAV
1777.png,IUXQKW
1778.png,CIUVAQ
1779.png,RDWLLA
1780.png,CRKMLP
1781.png,THHSPB
1782.png,QEPQFF
1783.png,MBGRML
1784.png,WTYVAL
1785.png,ZUYFVG
1786.png,SUAOZV
1787.png,GYVPTM
1788.png,SGIAXA
1789.png,YTYXVF
1790.png,MRDTAE
1791.png,NSVEQE
1792.png,OVROTC
1793.png,BNJVWL
1794.png,YDFWSQ
1795.png,XKLYPL
1796.png,JXHGZJ
1797.png,XCFZTE
1798.png,HHAOUK
1799.png,GNOWXT
1800.png,HLHMQQ
1801.png,ZQXNMN
1802.png,QGLROU
1803.png,ZSFWLV
1804.png,PRWKNJ
1805.png,SRGTYH
1806.png,QTTFEP
1807.png,ASYVRB
1808.png,YWIXHI
1809.png,AIAPOV
1810.png,CUXCEC
1811.png,KFDYCW
1812.png,KSHJQA
1813.png,TUWQHG
1814.png,MXYPCL
1815.png,HNPZDI
1816.png,NNZSNW
1817.png,QNELRC
1818.png,HNYUNY
1819.png,IHZWVV
1820.png,EYDMHZ
1821.png,XMZZYQ
1822.png,QOOBSG
1823.png,KZVJTC
1824.png,FWLRWH
1825.png,UPTOJC
1826.png,XZEVXD
1827.png,AWFMCY
1828.png,JLOWDD
1829.png,XWLWNI
1830.png,OLVIDY
1831.png,PUZSRJ
1832.png,QPCZPD
1833.png,RLLSDC
1834.png,OWHJVR
1835.png,XNJXRB
1836.png,CXUPKO
1837.png,PXPZND
1838.png,MSQGTR
1839.png,LWVAXJ
1840.png,ONVSCW
1841.png,FEFXMW
1842.png,NCVBJU
1843.png,ROVKPJ
1844.png,QWQWSK
1845.png,NWBHIX
1846.png,IKJMPA
1847.png,ZIXYFF
1848.png,AZBGHS
1849.png,EGALYI
1850.png,GPDBFS
1851.png,WGIUEM
1852.png,BUOCMV
1853.png,UPMMNA
1854.png,VCHIFW
1855.png,PCAGUX
1856.png,HQISAQ
1857.png,JAMSLR
1858.png,QVJJGW
1859.png,UXZCBV
1860.png,JEHFKR
1861.png,MZNLNP
1862.png,OXANXE
1863.png,ZAWRZG
1864.png,RFASRK
1865.png,EIXTOE
1866.png,CGPOIS
1867.png,KCWPHU
1868.png,NLARVP
1869.png,HZZGZL
1870.png,OCWEGI
1871.png,HHHTHZ
1872.png,KHXGKB
1873.png,UQCHMF
1874.png,JUXHVV
1875.png,USFVCU
1876.png,KYZTWE
1877.png,XCGZEA
1878.png,MKOSJN
1879.png,TQBYCC
1880.png,WPRIYP
1881.png,RWKKTY
1882.png,XCFRMV
1883.png,ABZDRG
1884.png,BCHVFM
1885.png,FVWTGQ
1886.png,DUWMKF
1887.png,IKVFAB
1888.png,LQNYUH
1889.png,XQXFDC
1890.png,SVGXJX
1891.png,WJXTNF
1892.png,MOAGTG
1893.png,OMBAYQ
1894.png,ZOPGDE
1895.png,VIYNSC
1896.png,JQUCBH
1897.png,AANJGR
1898.png,BXYLOJ
1899.png,SOXOQP
1900.png,VNZHBR
1901.png,DMKNZJ
1902.png,VWHXRO
1903.png,NBAWIO
1904.png,QJYFKE
1905.png,EMCBXY
1906.png,BMVIAQ
1907.png,ANZQQK
1908.png,JSYVZU
1909.png,MTOORF
1910.png,GVPJIP
1911.png,RVGBZB
1912.png,DSKJCJ
1913.png,NGONVA
1914.png,SWYNMR
1915.png,AEUSMG
1916.png,UEKQXG
1917.png,FNRDAO
1918.png,YVQCZB
1919.png,RLCVNU
1920.png,VDPEXI
1921.png,RWVZRS
1922.png,YVPKTV
1923.png,QLAXZZ
1924.png,DEPNVC
1925.png,JQFUVN
1926.png,LMRFKS
1927.png,VXRIZU
1928.png,SIDWUA
1929.png,OTTMJF
1930.png,KFLENH
1931.png,HTPDIF
1932.png,CWVCHY
1933.png,QHMEEB
1934.png,HLUTTX
1935.png,XKTNJP
1936.png,BKOOBT
1937.png,CUISNH
1938.png,OIORGI
1939.png,YLWYCA
1940.png,YGXKIA
1941.png,HRAJSD
1942.png,XWQBEK
1943.png,VLFWAW
1944.png,ZWRKSY
1945.png,TOXGOV
1946.png,EZVZSI
1947.png,IGNGNR
1948.png,OEVJRR
1949.png,NJJOZQ
1950.png,YMVYXQ
1951.png,ZRUFIV
1952.png,TKRVXM
1953.png,BQHJST
1954.png,JKRMRA
1955.png,SJCFVJ
1956.png,XAEHOP
1957.png,TQOHAJ
1958.png,VUGYBQ
1959.png,MBSTIV
1960.png,OPXKOS
1961.png,TDMRSI
1962.png,CEAEKV
1963.png,HUNHMC
1964.png,RLPEWO
1965.png,JIBCPA
1966.png,IDYPWD
1967.png,ILEKCD
1968.png,ZPAFNN
1969.png,COVONM
1970.png,SGLMOV
1971.png,BOKLAT
1972.png,XMNYBG
1973.png,RHAYMI
1974.png,ZUTWVY
1975.png,PIPRCK
1976.png,KDXOHK
1977.png,CKJTDR
1978.png,RRRCMG
1979.png,IVFIPF
1980.png,MMOVQK
1981.png,TQOILX
1982.png,QLPYQQ
1983.png,NQOVFN
1984.png,VVGCFY
1985.png,HBQCRN
1986.png,QFHEZF
1987.png,XOYSSL
1988.png,IINMAT
1989.png,PJMUVJ
1990.png,BETHZJ
1991.png,HUXJCG
1992.png,DTHHOI
1993.png,DRPDGT
1994.png,GGGFIS
1995.png,ZHCZIO
1996.png,PRCFOX
1997.png,CPPFIS
1998.png,UIVYTH
1999.png,SSYHWS
2000.png,ECNMQP
2001.png,MYHXTG
2002.png,HAUFBA
2003.png,ZSJAZU
2004.png,GEQJZZ
2005.png,DPUWCD
2006.png,QHVRWB
2007.png,BDHFBU
2008.png,DGLYUQ
2009.png,QZWVBY
2010.png,PTFHXB
2011.png,KWGSZR
2012.png,TEKEPG
2013.png,QBDIXJ
2014.png,YSHUKS
2015.png,IDMSFQ
2016.png,GIDCES
2017.png,HWIMXH
2018.png,AVGUPP
2019.png,QWNJYZ
2020.png,BBEEJQ
2021.png,WGLADK
2022.png,YFNYWU
2023.png,OSVZGB
2024.png,HVRDSU
2025.png,XQEKGS
2026.png,KCBZAB
2027.png,PMXQFJ
2028.png,PZHJBC
2029.png,MKYYSO
2030.png,DHWAYB
2031.png,CTFTHO
2032.png,VPMDET
2033.png,QUQUYQ
2034.png,WWOHCI
2035.png,DQPVKG
2036.png,LOSARK
2037.png,EJXHPY
2038.png,AIRINA
2039.png,KESJPD
2040.png,HTLQAC
2041.png,HUVNES
2042.png,VHXTAM
2043.png,ECTEJG
2044.png,PICXSD
2045.png,WGKCFQ
2046.png,XIZQWG
2047.png,IPAICB
2048.png,PWGDNL
2049.png,ZBIYOD
2050.png,MSOOKY
2051.png,ZZGHBA
2052.png,ITVMFX
2053.png,EJQOEK
2054.png,RTEAKO
2055.png,HPBHLY
2056.png,SWAIZI
2057.png,OVNVIN
2058.png,HQIYOF
2059.png,URWKMH
2060.png,EMOLKX
2061.png,EALFKQ
2062.png,TJFBHR
2063.png,HOBXAY
2064.png,CLVXXG
2065.png,LSOXKG
2066.png,YBOVHC
2067.png,TCFSSQ
2068.png,QBTTDJ
2069.png,WLHQOM
2070.png,XLXRYM
2071.png,JUTJBT
2072.png,XOETEU
2073.png,BMICHS
2074.png,EOPSEQ
2075.png,HAOIIO
2076.png,WBIEXI
2077.png,OGCHQO
2078.png,VZQVNM
2079.png,FJRPAZ
2080.png,ZSZNAN
2081.png,JCSDWG
2082.png,TIYVKA
2083.png,KPMSCN
2084.png,EDBDOZ
2085.png,DRJKEY
2086.png,BFSCRB
2087.png,AULDBE
2088.png,NLQIIZ
2089.png,NHMYRI
2090.png,NOHPCL
2091.png,NUITUT
2092.png,PSFAEA
2093.png,HLYUCE
2094.png,REIJWU
2095.png,NYGCIB
2096.png,MYEDPZ
2097.png,HTPDUW
2098.png,XGSFOL
2099.png,YIBATE
2100.png,OCDPFP
2101.png,IPKLAQ
2102.png,YNZOWV
2103.png,GJREPT
2104.png,IVFQWE
2105.png,RYGLZC
2106.png,GEJOHY
2107.png,RQBDNS
2108.png,HOTPTN
2109.png,HCDGBR
2110.png,XODYRR
2111.png,MWRJBJ
2112.png,LMORGH
2113.png,YLSCGX
2114.png,YOGAGU
2115.png,CUBLTO
2116.png,KKBXRO
2117.png,OVQVRZ
2118.png,FLOVCA
2119.png,EZZBKM
2120.png,SCKNAF
2121.png,DSWUVG
2122.png,EBQYFP
2123.png,RPTSFI
2124.png,LIQZGD
2125.png,NLIZMP
2126.png,MHFOOO
2127.png,MERLEQ
2128.png,MDIMNI
2129.png,RTVJTN
2130.png,SDATRZ
2131.png,PIJFFF
2132.png,YMFUAM
2133.png,MCIWQH
2134.png,EYSTXI
2135.png,HNAGXE
2136.png,QSFTZJ
2137.png,NACOYU
2138.png,DWGVCH
2139.png,VXEOEB
2140.png,WMOJDJ
2141.png,HUCEPY
2142.png,YVMEZZ
2143.png,SMLRPJ
2144.png,HLLFKK
2145.png,ZDLBWV
2146.png,JNDJQI
2147.png,CTUFZL
2148.png,LJSFLV
2149.png,MWYASI
2150.png,DQHGOF
2151.png,SRROQX
2152.png,VJQFLJ
2153.png,RRGKFI
2154.png,WFQJKO
2155.png,EXIAYY
2156.png,LMOTCO
2157.png,MYIYCY
2158.png,DRDWEL
2159.png,VDYEQY
2160.png,XTKZCI
2161.png,ABSOER
2162.png,VJCBRD
2163.png,ZZMEHC
2164.png,OYABDI
2165.png,FHYZEZ
2166.png,SIECNT
2167.png,UJDUNV
2168.png,AUWCHU
2169.png,CKVUWO
2170.png,YLQHJS
2171.png,SXJWUI
2172.png,YGODDR
2173.png,JDPZBT
2174.png,GUGPFI
2175.png,HZKLVY
2176.png,QDAGNE
2177.png,MORYLM
2178.png,MDZIFZ
2179.png,HCRTTT
2180.png,VADGOZ
2181.png,LIGQYI
2182.png,DPOJAI
2183.png,TYBYLZ
2184.png,KUSIOF
2185.png,RTIOTT
2186.png,SVGNGS
2187.png,NQJXWY
2188.png,HYTXOZ
2189.png,DLABHJ
2190.png,HIWYQJ
2191.png,RACOAH
2192.png,LPJNRA
2193.png,XRZLKK
2194.png,YUJYUZ
2195.png,DLAFUH
2196.png,NFLSZM
2197.png,JSQTEZ
2198.png,GGVWAM
2199.png,OHFRHY
2200.png,BVMURT
2201.png,YOOCJS
2202.png,AYPTPF
2203.png,OQRZXC
2204.png,CNEIEY
2205.png,CSOMRU
2206.png,MQWJRL
2207.png,HEKKDF
2208.png,WZPUZO
2209.png,XWHNAM
2210.png,KOVOFV
2211.png,TUPXTW
2212.png,TEPGLG
2213.png,HHWXYT
2214.png,OWZEOI
2215.png,FFAFXP
2216.png,RSUWOJ
2217.png,PQMMNE
2218.png,ETARQV
2219.png,OYTBWD
2220.png,LPMSEZ
2221.png,WIDHYX
2222.png,ZGGKBP
2223.png,RWXCYI
2224.png,FUQPYB
2225.png,PIAEBS
2226.png,PNPIJQ
2227.png,QTNAHR
2228.png,VVBZXR
2229.png,OSQYRN
2230.png,OUGSAX
2231.png,DNPSTP
2232.png,VEPKAH
2233.png,BTWTHG
2234.png,YBXWKH
2235.png,ARRSNN
2236.png,MUPYRM
2237.png,UJTNQS
2238.png,JNHKKS
2239.png,TYGZTT
2240.png,NTYQQS
2241.png,NQTCJW
2242.png,LAVTRV
2243.png,KFAAHN
2244.png,OGPNNA
2245.png,PONVOY
2246.png,CZGFTG
2247.png,XIIOQN
2248.png,RHSUTX
2249.png,EFACBJ
2250.png,RIMGPO
2251.png,GSDIJO
2252.png,APJUFH
2253.png,VIFBRB
2254.png,CWBOCS
2255.png,JPISHA
2256.png,GKEHGR
2257.png,MUNMDS
2258.png,QVBDCN
2259.png,OCNRHF
2260.png,CAAGTI
2261.png,NKVDDP
2262.png,ZDYOXF
2263.png,QTLXAL
2264.png,ZSWMFZ
2265.png,VAOJZH
2266.png,QDJOOF
2267.png,WKQSMA
2268.png,FURWLS
2269.png,PMZGEJ
2270.png,TDNBRX
2271.png,IEYXLH
2272.png,WJEKSM
2273.png,WHFJYC
2274.png,WJWPXQ
2275.png,SWZTDF
2276.png,FJXHTM
2277.png,ACRJOY
2278.png,HTGMLG
2279.png,OUOCDH
2280.png,IWYRGF
2281.png,LDRTHZ
2282.png,SYEWOP
2283.png,WZDIGL
2284.png,USBCZY
2285.png,KKFGPH
2286.png,KJVWCJ
2287.png,MGODBB
2288.png,GIRZIJ
2289.png,IODIBZ
2290.png,HBTCDG
2291.png,UMUQOY
2292.png,ZSLBRQ
2293.png,WBVSTA
2294.png,IHXKMQ
2295.png,DZMAYB
2296.png,DJIJLW
2297.png,QQWVBH
2298.png,ZYMHHX
2299.png,AXEAEZ
2300.png,ZTRCBY
2301.png,TZSLVL
2302.png,IMALFF
2303.png,KAEDHH
2304.png,ANFEGM
2305.png,QUIUAV
2306.png,NIKNYF
2307.png,SUEGAY
2308.png,ZLHQKV
2309.png,TWFTIM
2310.png,DFAGZK
2311.png,WEWGKY
2312.png,ATSEOI
2313.png,FQSQEH
2314.png,EDGBCY
2315.png,SSBEYY
2316.png,KFQSMT
2317.png,NWDTFJ
2318.png,SOQBXF
2319.png,FZCJRR
2320.png,ZBDCWC
2321.png,INRLGA
2322.png,MPEAOF
2323.png,UZHRHT
2324.png,JWPHUE
2325.png,RCBYAY
2326.png,RVRZMC
2327.png,JJIYCH
2328.png,SJNWQF
2329.png,AJJBYA
2330.png,RITRNU
2331.png,TPIJAE
2332.png,XRTKPH
2333.png,ZHAUYW
2334.png,BWGWWY
2335.png,INFCAV
2336.png,HQNHPP
2337.png,OZPQPD
2338.png,NATVAM
2339.png,ZRBACP
2340.png,HVKEEP
2341.png,NAJKTV
2342.png,YKVVJA
2343.png,ZYRGBJ
2344.png,OCUUOG
2345.png,XALOJJ
2346.png,BXVNTF
2347.png,BSODZD
2348.png,IKZUEI
2349.png,DTLXJY
2350.png,HSYYYT
2351.png,HGUQVW
2352.png,UBDWSN
2353.png,EFLKTJ
2354.png,HZDYYL
2355.png,YFZFQS
2356.png,CVMOHQ
2357.png,MNETQY
2358.png,CGUVVT
2359.png,PBLVIP
2360.png,ICNYIZ
2361.png,PZRQQD
2362.png,NYWTGQ
2363.png,LZFXUN
2364.png,KIXMBF
2365.png,RYIGVA
2366.png,QYUKWS
2367.png,EEXHLL
2368.png,XXAKLW
2369.png,RAVBTU
2370.png,NVBZVE
2371.png,KDSFJO
2372.png,SZMEAH
2373.png,QSIXFJ
2374.png,JCKVAG
2375.png,LWFQPH
2376.png,QTAIJS
2377.png,ZJWRXR
2378.png,ANCWXX
2379.png,SWLMRH
2380.png,RLISGN
2381.png,YIGJYL
2382.png,VNPEJI
2383.png,GOSVXP
2384.png,VLDZCC
2385.png,PXTENC
2386.png,ODOXER
2387.png,PKLFXH
2388.png,ALHXLL
2389.png,KYZKMB
2390.png,HULMPQ
2391.png,SFCDRM
2392.png,YUAQBC
2393.png,FCFYGN
2394.png,KDKMHW
2395.png,KTIAOA
2396.png,QKMNQE
2397.png,ITYQRS
2398.png,WBWDHA
2399.png,PKCMWM
2400.png,EQFIJG
2401.png,TGUQGE
2402.png,NGTHUN
2403.png,SCYSUY
2404.png,WUBKJM
2405.png,EXJERT
2406.png,PZHBQZ
2407.png,AHXKEF
2408.png,TKMYDW
2409.png,XUBOTB
2410.png,WPMZWI
2411.png,EEENDI
2412.png,ISHVKO
2413.png,YXOZEX
2414.png,IJBSAU
2415.png,ELDLWV
2416.png,HXUAJR
2417.png,EIULSO
2418.png,QWSMTW
2419.png,PZRYUY
2420.png,ZNBOXO
2421.png,CKEFKV
2422.png,PGHAVZ
2423.png,LDIADF
2424.png,KWXSAX
2425.png,EIADYL
2426.png,IANVFP
2427.png,ETSOQQ
2428.png,MQCMVT
2429.png,POSLFQ
2430.png,YEQVSS
2431.png,JYTNAS
2432.png,VIWRGG
2433.png,KSZBKR
2434.png,LBLBHT
2435.png,GZXBIU
2436.png,VJVVIL
2437.png,KLIWSJ
2438.png,XGUBJO
2439.png,ZXRBDA
2440.png,XBVIGN
2441.png,UALNKJ
2442.png,XESEBZ
2443.png,KVOXMG
2444.png,HYYJWW
2445.png,CWQKNG
2446.png,YKKQYZ
2447.png,HSKDHC
2448.png,ROBEZX
2449.png,OIUDRU
2450.png,OAJIIU
2451.png,LNVKJL
2452.png,CYZMIV
2453.png,YICIYG
2454.png,IDMQTT
2455.png,WCZPVU
2456.png,YBAUPQ
2457.png,YKDHZI
2458.png,GLNCLL
2459.png,YCONYF
2460.png,TKFFMG
2461.png,LJNSNO
2462.png,WEDXVG
2463.png,MDKNEZ
2464.png,BJXISJ
2465.png,CEXGNL
2466.png,TEPHUE
2467.png,RJFOSD
2468.png,WZANLN
2469.png,AGNZIK
2470.png,VHXGUP
2471.png,CRHIPJ
2472.png,ONGRZX
2473.png,GEEJSO
2474.png,AAWQOT
2475.png,UJKRZX
2476.png,FGQTOB
2477.png,OQEXPY
2478.png,KSJPBF
2479.png,CAGGZU
2480.png,FQMDYF
2481.png,GOMMFO
2482.png,KTXOFE
2483.png,LJWABB
2484.png,TDBBIU
2485.png,JJZTQO
2486.png,WIWDLH
2487.png,PBPZID
2488.png,GHLGQL
2489.png,GEMNEX
2490.png,XSZRTW
2491.png,TNWFIL
2492.png,HPTMHD
2493.png,ZDSSLC
2494.png,KRRATN
2495.png,EAOKJK
2496.png,FTAPDN
2497.png,IKMFWJ
2498.png,ZTZOHT
2499.png,UYGIOZ
2500.png,MVQQXA
2501.png,IACTNN
2502.png,QPLLXW
2503.png,PGHCUE
2504.png,DWNSEC
2505.png,WWCOZN
2506.png,QNAMAU
2507.png,YYIAOQ
2508.png,GHCOLB
2509.png,QVLUTR
2510.png,YALWSF
2511.png,UACURS
2512.png,VDTHXN
2513.png,REFPIT
2514.png,EPNXKS
2515.png,UNETTN
2516.png,GVBWFK
2517.png,XSYEBM
2518.png,HMFVYL
2519.png,OWYWVG
2520.png,NCLBFE
2521.png,MHUSPH
2522.png,DDUZNA
2523.png,CXVAMJ
2524.png,BWRWAE
2525.png,YFHRNW
2526.png,ZFRENQ
2527.png,OGJSLZ
2528.png,OLYFJO
2529.png,JBIEPD
2530.png,IQPZDG
2531.png,VDBPUX
2532.png,NKFSHH
2533.png,TCGQXH
2534.png,OZIVCY
2535.png,NSIDPU
2536.png,HDANUO
2537.png,MQWWJV
2538.png,CYETRW
2539.png,GDYBIQ
2540.png,ZKFYKA
2541.png,CMSTIK
2542.png,CMCAAW
2543.png,AWLVOQ
2544.png,JSAQBP
2545.png,OPLVGC
2546.png,YWXXYR
2547.png,LIGDFB
2548.png,LOWNVN
2549.png,WJEEZX
2550.png,RSYNFV
2551.png,UGAJHP
2552.png,QHVHYR
2553.png,DQLJQN
2554.png,ZZTTFS
2555.png,XQGGBZ
2556.png,UPJQRY
2557.png,IEKRKS
2558.png,HKLBPX
2559.png,WVPPXB
2560.png,SOMVNV
2561.png,DILMZV
2562.png,ESDZYI
2563.png,EYCHHW
2564.png,PSILNH
2565.png,XLEUNM
2566.png,MCNUGA
2567.png,CPMXWO
2568.png,ZZQMZR
2569.png,SHFTBH
2570.png,STDBTA
2571.png,KEQHNU
2572.png,RDPHBY
2573.png,AXVNPP
2574.png,XBGXRN
2575.png,IAIPGW
2576.png,JCKHMI
2577.png,JBOJCI
2578.png,XMROVR
2579.png,KDPWVD
2580.png,GUFYJT
2581.png,AONEUN
2582.png,DYNBPH
2583.png,BGBVWQ
2584.png,SNWSBE
2585.png,OIJNSU
2586.png,ZDRYEX
2587.png,RBZXZO
2588.png,WFKRXK
2589.png,AYYXBU
2590.png,CYAZJX
2591.png,KHWVFF
2592.png,HWMTHA
2593.png,RNNRSN
2594.png,PAHIFT
2595.png,LPVCRF
2596.png,BZLFWF
2597.png,OBZOOH
2598.png,XHQDRE
2599.png,NRONUI
2600.png,XMVNIG
2601.png,SGAMZU
2602.png,NRBHMO
2603.png,KKILAE
2604.png,WVKRDH
2605.png,ORAWUB
2606.png,VNAUZJ
2607.png,ZZZDWK
2608.png,TJUJZE
2609.png,VJEPIW
2610.png,SXZGKY
2611.png,OTBQVT
2612.png,QOKKOM
2613.png,GCMKLO
2614.png,JPMOGN
2615.png,ETLSNQ
2616.png,IBOZPX
2617.png,HODXGY
2618.png,XMJCKQ
2619.png,HCOLBA
2620.png,FEPDWE
2621.png,DCQUHS
2622.png,JCGQWQ
2623.png,DANZJX
2624.png,QLMMQJ
2625.png,VAKIFB
2626.png,KDQWAY
2627.png,MWYFPN
2628.png,BNFOJE
2629.png,HKWOGO
2630.png,ALYZSS
2631.png,SYXBIM
2632.png,LNQYMF
2633.png,HHJESJ
2634.png,TJAZVP
2635.png,LLSOXT
2636.png,VOWUIT
2637.png,OVMXAW
2638.png,CCOANV
2639.png,VFTURV
2640.png,GVWLHC
2641.png,CNYBYT
2642.png,SPPKRR
2643.png,OYRHYT
2644.png,PLAVFV
2645.png,DSANDM
2646.png,BYTPNR
2647.png,TTGVXM
2648.png,UNRSKF
2649.png,IFOMCH
2650.png,ZZQJYF
2651.png,GVBAQC
2652.png,SDLSLT
2653.png,IOARXH
2654.png,YGLXPJ
2655.png,PDCZBO
2656.png,GHJQXR
2657.png,SZBEAP
2658.png,GFRNJD
2659.png,LYREBA
2660.png,WNJSHG
2661.png,MYKJYI
2662.png,XWIJMG
2663.png,BQTIUI
2664.png,IRBSHU
2665.png,MDYMRT
2666.png,NWTDIH
2667.png,SKYZYK
2668.png,MQOQGO
2669.png,JGISED
2670.png,UPJLAQ
2671.png,HEJJEW
2672.png,JZKAOK
2673.png,RPNIQZ
2674.png,XEEMWF
2675.png,WJCLIQ
2676.png,VZNFCG
2677.png,JOVPSW
2678.png,UHXPEB
2679.png,DTLDLL
2680.png,TMLIMB
2681.png,CYNTMP
2682.png,JHOOGO
2683.png,LPYSTA
2684.png,POGAEO
2685.png,UPPUBP
2686.png,WZKJJV
2687.png,MJTGNE
2688.png,AUYULC
2689.png,GOHXXR
2690.png,UYWWDV
2691.png,OJKLEH
2692.png,JUZYYA
2693.png,IBLSVL
2694.png,NQFSNH
2695.png,DXPZYX
2696.png,ISDGLC
2697.png,XIZUJS
2698.png,EEJXHT
2699.png,RWRLZU
2700.png,EWJBHZ
2701.png,HQSUUQ
2702.png,DHSMIZ
2703.png,UREDLO
2704.png,OYHLVS
2705.png,QZQZLU
2706.png,IVRFNM
2707.png,BIAELV
2708.png,YOSAQH
2709.png,PCXTQR
2710.png,LYCBQP
2711.png,RRZPOO
2712.png,HCRZZN
2713.png,KGXWEJ
2714.png,RAEEYF
2715.png,WGCIGF
2716.png,JIHBSV
2717.png,UJWMYS
2718.png,DNJVWL
2719.png,ZOSAJH
2720.png,MNDKQH
2721.png,EOECWI
2722.png,FDNPCH
2723.png,TWJRJY
2724.png,JYZPAT
2725.png,PYDLTT
2726.png,XXJMSY
2727.png,VELDQY
2728.png,ETUHZU
2729.png,QXAQNC
2730.png,GDCLQR
2731.png,KAXWAM
2732.png,JQNAKJ
2733.png,EKZIRH
2734.png,YVHHHD
2735.png,AVSATC
2736.png,MDMYYW
2737.png,GXGBSZ
2738.png,CCRVKQ
2739.png,RRSZPY
2740.png,BIWIGH
2741.png,ELIKKM
2742.png,COTKOJ
2743.png,NAWXOS
2744.png,OUCKNT
2745.png,CLQCWY
2746.png,XZCXNK
2747.png,VQTPGC
2748.png,APDAKT
2749.png,KDBBWE
2750.png,QJMAZU
2751.png,JTKONR
2752.png,MSZHSI
2753.png,GFMBOO
2754.png,EJBTON
2755.png,GPHRAQ
2756.png,FNDYMQ
2757.png,QRMJZA
2758.png,TEFHGR
2759.png,GATGVQ
2760.png,SFDHNQ
2761.png,HQZBUB
2762.png,XEJKLW
2763.png,NDDJLA
2764.png,XKVLLP
2765.png,NKGXST
2766.png,YOTDZM
2767.png,XXHLKA
2768.png,YYBTJU
2769.png,UMMNXJ
2770.png,ZNNFTT
2771.png,BSEJRG
2772.png,FAZOOL
2773.png,NDTQXV
2774.png,ZTNUXB
2775.png,DMUNNI
2776.png,UESCJQ
2777.png,YPGTTW
2778.png,LRNELR
2779.png,VJHNUO
2780.png,MBWQYY
2781.png,BAKSDV
2782.png,OAVXYD
2783.png,MEKDKL
2784.png,WAYIPH
2785.png,IXBJKS
2786.png,HZPQMK
2787.png,UHBNUD
2788.png,RYUPYK
2789.png,EWSPPF
2790.png,OHALHF
2791.png,PTXEFF
2792.png,KACCFR
2793.png,SLUZFT
2794.png,DVIXKU
2795.png,DAYTGH
2796.png,YBYYVB
2797.png,RGTSVL
2798.png,FONRYQ
2799.png,RDNFXF
2800.png,HBNNVV
2801.png,LLJUOC
2802.png,WYAYHY
2803.png,QXQMRQ
2804.png,IWDWJU
2805.png,DPYSCK
2806.png,JNFLEK
2807.png,LQUOGN
2808.png,WDFLHB
2809.png,SWNDBU
2810.png,PZAUSR
2811.png,DZKRXA
2812.png,XMNYRY
2813.png,UCOKUG
2814.png,LOXYQZ
2815.png,SXPGWT
2816.png,NUGKOF
2817.png,YQGMBU
2818.png,RUNJHX
2819.png,FKSFEJ
2820.png,MGSYVH
2821.png,ECMWTH
2822.png,GSNWMR
2823.png,BGORSQ
2824.png,KZIDQI
2825.png,TYEGYY
2826.png,PHOTHI
2827.png,XUFYGV
2828.png,TVSOUV
2829.png,ITNCKR
2830.png,EUAHIV
2831.png,JXRTPO
2832.png,TAOBAE
2833.png,QTDIDG
2834.png,CILZDL
2835.png,LSREFE
2836.png,SGAURU
2837.png,JSUKGW
2838.png,UUEGBY
2839.png,TDGOEE
2840.png,HWPEHO
2841.png,BJDQBQ
2842.png,HMISCC
2843.png,KPCCJR
2844.png,GDJKQM
2845.png,MVWVKS
2846.png,QHMOMR
2847.png,ZRGCWE
2848.png,NNBKDE
2849.png,HDONQO
2850.png,CRGIBY
2851.png,KWMQTR
2852.png,YXWRIW
2853.png,OTNTHY
2854.png,KRYGCE
2855.png,ACDSIF
2856.png,RTWJGY
2857.png,VIUMFT
2858.png,PXIEEU
2859.png,JKBZHA
2860.png,LBQCGW
2861.png,PTEHPK
2862.png,ZCTFOO
2863.png,ACHXYG
2864.png,ZXTXBR
2865.png,TADMFK
2866.png,YFTUJG
2867.png,RRFCXN
2868.png,SFGYLD
2869.png,ZBQAPK
2870.png,CSURCY
2871.png,JFNAMY
2872.png,ZTWEKW
2873.png,EBGXQO
2874.png,SDQSPT
2875.png,KTGWQF
2876.png,XGNEZM
2877.png,KYCPKF
2878.png,ZGKPZI
2879.png,PFGTVH
2880.png,RKQEXG
2881.png,ZZAXPZ
2882.png,OEKGFC
2883.png,DPTQLI
2884.png,OVHHLO
2885.png,TAHDFN
2886.png,VVLDDT
2887.png,ACGDGK
2888.png,FLNPPM
2889.png,RWVHZE
2890.png,IVGNXD
2891.png,LGTFJX
2892.png,UTBYLK
2893.png,CUPWNQ
2894.png,RABABS
2895.png,UPOBOS
2896.png,BCIIJY
2897.png,OLMWJL
2898.png,QCBNOQ
2899.png,FPCGFG
2900.png,ZXVEBR
2901.png,SDPAJU
2902.png,AJKTYL
2903.png,VBGGFT
2904.png,GLXRBA
2905.png,XNBLRK
2906.png,BSGRBI
2907.png,NVNWZU
2908.png,VNDEIH
2909.png,HPVWKI
2910.png,MIQAXW
2911.png,HHSICU
2912.png,YNEUTJ
2913.png,SEKNGB
2914.png,QNEGMH
2915.png,ABNKXW
2916.png,WKNGGW
2917.png,TBZIKV
2918.png,QUZAKH
2919.png,QBIUUV
2920.png,JGFKIO
2921.png,LXRQOU
2922.png,AJCJAJ
2923.png,NXLPHK
2924.png,BIFVKN
2925.png,LTGEXI
2926.png,OKGUSM
2927.png,LQHKFP
2928.png,AATQUF
2929.png,XXJQWZ
2930.png,FDFOBT
2931.png,VPOTFA
2932.png,PVLYVW
2933.png,RWHNMB
2934.png,SKIDOC
2935.png,PAKGLW
2936.png,INFCWD
2937.png,CSWBGJ
2938.png,VOJYSA
2939.png,ACQGKR
2940.png,KAHDHS
2941.png,AEMDUG
2942.png,TFYJHY
2943.png,MRGPHK
2944.png,UXYLTH
2945.png,DNMYZK
2946.png,LASOWJ
2947.png,FHWTGN
2948.png,HLNEMJ
2949.png,EAJMIQ
2950.png,MISSYD
2951.png,WTVLAC
2952.png,ZTBOKE
2953.png,NXWWYO
2954.png,PHYEPR
2955.png,QNXXCF
2956.png,TSYBGM
2957.png,GXYWDZ
2958.png,PNQLPN
2959.png,ALNGEE
2960.png,BWEJMY
2961.png,HHMQEL
2962.png,SDNQNF
2963.png,LBUTVF
2964.png,LYTBUV
2965.png,YXHMXV
2966.png,NZAHXT
2967.png,IFDRFV
2968.png,UOMOYA
2969.png,OUGRJJ
2970.png,TTTYVE
2971.png,ZOFPPT
2972.png,QKWDJH
2973.png,IUTZSK
2974.png,HECINS
2975.png,MLPXKB
2976.png,ZSITUS
2977.png,BTDSTE
2978.png,UYWFGC
2979.png,JDRSLG
2980.png,ECZPED
2981.png,VQYLIB
2982.png,YIPKFB
2983.png,IKHLPP
2984.png,MQCCUS
2985.png,YZRJVR
2986.png,XQKHAI
2987.png,SXGFKA
2988.png,RQXMMK
2989.png,ZKDHCB
2990.png,HQUDPP
2991.png,MFKAYE
2992.png,DPUXHX
2993.png,QGYVZJ
2994.png,KWLSKE
2995.png,IEIIGX
2996.png,XJJEGH
2997.png,RHXSRW
2998.png,TGLEJP
2999.png,XUDMCG
3000.png,MRWPID
3001.png,CYDFZU
3002.png,OZAXGU
3003.png,DNBDVZ
3004.png,TMCRKB
3005.png,QNXNSU
3006.png,GEQLWS
3007.png,UZQEVD
3008.png,CRHZYO
3009.png,BNNQJS
3010.png,QGPWEH
3011.png,BWGEAE
3012.png,ACRYVF
3013.png,JJFZRE
3014.png,XGBAPK
3015.png,WXYEZR
3016.png,MQZTKI
3017.png,FSUPXK
3018.png,CNFQNN
3019.png,ULCDFB
3020.png,TFONGE
3021.png,SAYAXE
3022.png,QUEKOU
3023.png,FOYBHN
3024.png,FNAXMH
3025.png,UIMFBD
3026.png,TFCXNZ
3027.png,TYYZLX
3028.png,CYSPKH
3029.png,QSJXQJ
3030.png,KAIUPN
3031.png,USOQLR
3032.png,CAGLLT
3033.png,VYTXSW
3034.png,WVYZNK
3035.png,HVSKJQ
3036.png,VERIKK
3037.png,LKVCWG
3038.png,ZFRUEA
3039.png,PJHJSY
3040.png,GHQKTR
3041.png,WFHJHU
3042.png,QXYHCR
3043.png,CNZRPW
3044.png,WSXKEE
3045.png,XMHWMV
3046.png,FRAULN
3047.png,NNRWBL
3048.png,QVYVFL
3049.png,NTILVX
3050.png,HLZFOM
3051.png,XRVHOS
3052.png,BIALND
3053.png,PBYNTV
3054.png,QNKALO
3055.png,LNYSNW
3056.png,TLQCBV
3057.png,XGEFYN
3058.png,KOYIUA
3059.png,DHJZEU
3060.png,FSLXPZ
3061.png,LSGJOP
3062.png,EMNIXY
3063.png,DPSEFI
3064.png,GILRMW
3065.png,QWBMWD
3066.png,ZSYVWQ
3067.png,SMJECG
3068.png,IVLOGH
3069.png,XDVMBW
3070.png,EWLUMO
3071.png,YJSPSN
3072.png,MPZIQI
3073.png,BWYBIG
3074.png,XFRCAZ
3075.png,UIIWMA
3076.png,POCUNK
3077.png,CHPGKW
3078.png,SJTYXB
3079.png,VYTQVF
3080.png,YRLSFA
3081.png,WHLQOL
3082.png,TPYJLQ
3083.png,XXVFWX
3084.png,SQLHBC
3085.png,BSGLPL
3086.png,IPNWSG
3087.png,JIXFPI
3088.png,ERUGMK
3089.png,RGPIOR
3090.png,TNTRKG
3091.png,ONLKSH
3092.png,MXQKHZ
3093.png,WPLKLT
3094.png,FRGYIU
3095.png,ITGGQJ
3096.png,LVEYGY
3097.png,XOVBFE
3098.png,YQEYXS
3099.png,NGCJQP
3100.png,MYDFOI
3101.png,DPINEO
3102.png,WRRQPA
3103.png,HAKADY
3104.png,LYUJCW
3105.png,FMJUQQ
3106.png,DSVMPT
3107.png,DTIGWO
3108.png,XUJLWB
3109.png,GFPWQG
3110.png,IGVDKX
3111.png,EJQSNL
3112.png,GUNXUO
3113.png,XUEEGF
3114.png,EVOVNV
3115.png,GJZVXK
3116.png,QGYGHR
3117.png,GXVQWI
3118.png,CHEEJE
3119.png,MFIKDT
3120.png,WEZQZE
3121.png,TUAMEE
3122.png,VVRONU
3123.png,PLTNGZ
3124.png,WEGPRX
3125.png,RDTVQZ
3126.png,MCUQNM
3127.png,CJNLCG
3128.png,ZCUOMB
3129.png,UGINEB
3130.png,AFEXBC
3131.png,NGKYYO
3132.png,NOSABD
3133.png,SYHWIN
3134.png,FQTULZ
3135.png,PCKKHA
3136.png,GUZHRN
3137.png,PKHEWZ
3138.png,YNQWJE
3139.png,PEAWSX
3140.png,RMNLOD
3141.png,GPWHFF
3142.png,QFSJZG
3143.png,YPTEWJ
3144.png,PEYVHK
3145.png,SWBSGJ
3146.png,HBGIUG
3147.png,KMYCLW
3148.png,PEDCSS
3149.png,JQSYEF
3150.png,OOJUSB
3151.png,SRPPXL
3152.png,ISGELF
3153.png,SRZHWD
3154.png,DAEFUR
3155.png,XRNXSE
3156.png,TWVIHO
3157.png,TDKIEF
3158.png,ZJIDGF
3159.png,ZNEFKP
3160.png,QDKJQZ
3161.png,WDNEAW
3162.png,CUZQXR
3163.png,BDFVJB
3164.png,ODHPNN
3165.png,CRVZKH
3166.png,TQPJFQ
3167.png,NFBDPM
3168.png,TQLMXB
3169.png,UEDAPJ
3170.png,ILPXOR
3171.png,EZPRSZ
3172.png,ATKVVJ
3173.png,YTMXXT
3174.png,KLXDJA
3175.png,ZMPALL
3176.png,DQLRFR
3177.png,FWGSMI
3178.png,XRUIQC
3179.png,PHQTHL
3180.png,SOCFIX
3181.png,CLISXL
3182.png,UHOHHH
3183.png,NJOTTV
3184.png,VOMHNV
3185.png,YCAMLB
3186.png,CCSSOZ
3187.png,TDWXUZ
3188.png,AGRKYY
3189.png,GJRCNV
3190.png,PXYDDL
3191.png,TPDJVH
3192.png,VXIXQF
3193.png,LIPCQO
3194.png,GVQNEV
3195.png,MFODXI
3196.png,BNRADK
3197.png,PSCGMM
3198.png,ODFFPD
3199.png,VHBWZY
3200.png,VXHYKZ
3201.png,AVVGHW
3202.png,YMQCNJ
3203.png,KWFHIS
3204.png,VMYMPH
3205.png,NCRBKI
3206.png,CVXCUY
3207.png,IRSDLL
3208.png,WIENIF
3209.png,OUDQLF
3210.png,NTFLRB
3211.png,CMUGFY
3212.png,KPSILI
3213.png,HSHAOR
3214.png,ZNIYPH
3215.png,WMCSGX
3216.png,ZLESCJ
3217.png,SSYPMV
3218.png,MZZSRC
3219.png,FWOGWH
3220.png,BIOTZB
3221.png,UBJQWL
3222.png,VJKDCT
3223.png,FGJPTG
3224.png,GCOFWF
3225.png,AYMFYU
3226.png,ACOZBU
3227.png,SULXJB
3228.png,CCQAOR
3229.png,YKUZBP
3230.png,CBYTSB
3231.png,EFPZXI
3232.png,SYOJTA
3233.png,CJGEGK
3234.png,DVKDPD
3235.png,UAMGPZ
3236.png,GTBEMP
3237.png,PCPDEL
3238.png,NOKVCC
3239.png,YEOQSQ
3240.png,PXRRYG
3241.png,OJGPMO
3242.png,OIZUQX
3243.png,ZSHHFY
3244.png,TWTAVB
3245.png,WYQJDD
3246.png,JRFNZT
3247.png,NLOERJ
3248.png,XXTTPK
3249.png,VOWLKE
3250.png,SXFAES
3251.png,PGQRMK
3252.png,XXYOTN
3253.png,BXUYYJ
3254.png,CMNSCP
3255.png,LTDUKA
3256.png,IODWHC
3257.png,HVZMZV
3258.png,OXZRHX
3259.png,QTFTPC
3260.png,LZDWPW
3261.png,HJLHZV
3262.png,HAUXJZ
3263.png,ZVEVCH
3264.png,FSITBR
3265.png,NYIYYQ
3266.png,JDYWNU
3267.png,GAXPHE
3268.png,ZNDEDO
3269.png,GHNJGY
3270.png,SBXVSH
3271.png,JGYGWJ
3272.png,VOQZWU
3273.png,IQRELZ
3274.png,XAOZIH
3275.png,GKWMPX
3276.png,MCSVUL
3277.png,EXXWGR
3278.png,EGMKOW
3279.png,EQZZMD
3280.png,NLEYDN
3281.png,ZBPQOX
3282.png,GNJLSE
3283.png,OLQMOE
3284.png,LGYPUK
3285.png,YEDIFW
3286.png,EKZBUV
3287.png,TAECDZ
3288.png,ASJKHU
3289.png,IJGWOE
3290.png,SWDAGY
3291.png,BPXVWC
3292.png,YMAKJR
3293.png,CEFXOV
3294.png,HXLXYM
3295.png,FOBTQW
3296.png,KQFXKL
3297.png,YCXIPI
3298.png,TRHPWQ
3299.png,DBWURO
3300.png,CJMXYM
3301.png,ZRYIUQ
3302.png,WLDRIV
3303.png,MLFFBJ
3304.png,GKXLLY
3305.png,LRMROA
3306.png,NOUJXD
3307.png,IJOXHI
3308.png,EFXFTO
3309.png,KZGHVP
3310.png,RHDPPF
3311.png,ALJAFD
3312.png,XRUJQN
3313.png,HMXUPU
3314.png,AAVOVN
3315.png,STXIJQ
3316.png,IOSRJH
3317.png,YJGWIM
3318.png,TYMEAL
3319.png,WLPRDA
3320.png,ABTGQX
3321.png,FFLAGR
3322.png,JAIKLE
3323.png,CMHBDA
3324.png,JVDGAK
3325.png,AAGJMD
3326.png,PIXGWZ
3327.png,LMYAZH
3328.png,OQEEHP
3329.png,PDNDVH
3330.png,SKRZPC
3331.png,JYTRRQ
3332.png,ADYILG
3333.png,RXRJMW
3334.png,FMRJCG
3335.png,HGLXGA
3336.png,QBDSBR
3337.png,ACOYCJ
3338.png,RQZUWM
3339.png,DJYYUH
3340.png,SUVYEJ
3341.png,JXAWFP
3342.png,NVTZDQ
3343.png,XZMZPJ
3344.png,ZMCNGM
3345.png,MMOVWN
3346.png,JSXZRM
3347.png,CRBERF
3348.png,IFVKKC
3349.png,PWPDOD
3350.png,RKSLRP
3351.png,UUIWCE
3352.png,GEAVLE
3353.png,RBJDVT
3354.png,YZUHCV
3355.png,ZUZQRO
3356.png,REPLEO
3357.png,QYIUNA
3358.png,QPBEVL
3359.png,CWNJKE
3360.png,KPEJUI
3361.png,JYSXJE
3362.png,TLMVVZ
3363.png,QVDZSX
3364.png,HRFGFF
3365.png,SMEZGQ
3366.png,YAPGZK
3367.png,EADUGO
3368.png,MSEQYG
3369.png,OKYKAF
3370.png,XYMMJQ
3371.png,GKHUAQ
3372.png,WSKZPA
3373.png,ZCROQE
3374.png,LLYMKH
3375.png,FRZHCC
3376.png,ZATGNU
3377.png,DEJEKT
3378.png,GDSBQH
3379.png,JRVRMW
3380.png,GFVCFL
3381.png,CCANWD
3382.png,POXDXM
3383.png,VILMMO
3384.png,IORXWN
3385.png,NWHWFU
3386.png,QXCUSY
3387.png,GMUEER
3388.png,GQTOQR
3389.png,FVOIKO
3390.png,QBNJWV
3391.png,JZKSCW
3392.png,JJVCXF
3393.png,KDXKYT
3394.png,ABJCYT
3395.png,ONLFSS
3396.png,RUFZOG
3397.png,QZOYHO
3398.png,BBKAAZ
3399.png,CVRKJH
3400.png,QEDKSV
3401.png,KTLRCK
3402.png,BJJXBT
3403.png,KLBSQF
3404.png,EFOTTJ
3405.png,AKTFCB
3406.png,QCKXEX
3407.png,UQCXMN
3408.png,XGLGRJ
3409.png,WJSHXB
3410.png,SWRQIN
3411.png,UTENGA
3412.png,IUFFNE
3413.png,DIUHWK
3414.png,KWDVAP
3415.png,PYOTNC
3416.png,LBMNKU
3417.png,JOFTND
3418.png,JLVLPF
3419.png,IDCOOW
3420.png,RYUCZT
3421.png,QKYLFF
3422.png,SWYCRA
3423.png,RHSCWG
3424.png,RSPPRQ
3425.png,FQXBQY
3426.png,UJOBEW
3427.png,URAILH
3428.png,OIBNBC
3429.png,DHWUKZ
3430.png,MDVJOF
3431.png,DSQTRL
3432.png,JOFBFP
3433.png,THPKBP
3434.png,UUCHSQ
3435.png,CEDTMM
3436.png,LSKSCH
3437.png,MVSRBH
3438.png,DTZBRL
3439.png,GLYCFM
3440.png,QARQKI
3441.png,UZTIJM
3442.png,ITSAPJ
3443.png,APYOBN
3444.png,FCOPXN
3445.png,IXARVP
3446.png,SRYLPF
3447.png,YNAIWP
3448.png,UGWYIV
3449.png,FMTGSJ
3450.png,WPWUDW
3451.png,DFCFDS
3452.png,QGRAMW
3453.png,FEWNLH
3454.png,OVXAGK
3455.png,SVRBDM
3456.png,XQXGLO
3457.png,VMOKHN
3458.png,XBDTKW
3459.png,VBOHKU
3460.png,LPCCVK
3461.png,FZPAOB
3462.png,AHTEBU
3463.png,OWFQAK
3464.png,XBTKPS
3465.png,UYTXQO
3466.png,WGJOPV
3467.png,GHKQKC
3468.png,LIAIKG
3469.png,AKHHED
3470.png,PZVKMC
3471.png,ZQVEFD
3472.png,NMFPCX
3473.png,XRJOUL
3474.png,UGDGRA
3475.png,BPZJPO
3476.png,WZIGEA
3477.png,HTJJEX
3478.png,NRFKMI
3479.png,APGIDW
3480.png,XOXJBA
3481.png,XRUIEH
3482.png,NWKWUH
3483.png,WFLPCG
3484.png,NVSGZL
3485.png,KHXMRK
3486.png,XWICZS
3487.png,XEFIUN
3488.png,ACEVHQ
3489.png,GGLVMB
3490.png,YRVAVN
3491.png,KGPJDF
3492.png,LLKFCG
3493.png,FTOQPS
3494.png,QLRQPR
3495.png,FWWNZG
3496.png,JTUEUV
3497.png,CBBXDR
3498.png,JWCYKX
3499.png,BICLEE
3500.png,TRZWQT
3501.png,YLMSRQ
3502.png,AULPBY
3503.png,SHKJMT
3504.png,RLXCUM
3505.png,QSHGJW
3506.png,BYMPNP
3507.png,IRNWJQ
3508.png,WOHFJS
3509.png,WESVES
3510.png,KGTBNN
3511.png,WUNUPS
3512.png,ZEMWZH
3513.png,WXWQOQ
3514.png,OWFFEX
3515.png,DYEYBJ
3516.png,SRKYMG
3517.png,OKQHVZ
3518.png,QFQBEE
3519.png,TPZDPA
3520.png,OENHSC
3521.png,NGMTUH
3522.png,BRUBDI
3523.png,OZSVWR
3524.png,DBHCJS
3525.png,ERQPRM
3526.png,ILVJBP
3527.png,SFTFRI
3528.png,NDCDYY
3529.png,BIMJEZ
3530.png,FJKBGU
3531.png,ZEKSYO
3532.png,ULGQBN
3533.png,PXIRYF
3534.png,XXTZUI
3535.png,OEDUIJ
3536.png,HIPJVU
3537.png,IMPOFN
3538.png,IZDCIA
3539.png,YGXFFU
3540.png,RXGIRG
3541.png,JDAFGO
3542.png,ZSZMUS
3543.png,QBOEQX
3544.png,IMRKMF
3545.png,THNVSM
3546.png,QXNPHG
3547.png,PVNXSU
3548.png,ZIUIEQ
3549.png,WAAORF
3550.png,JCGKQB
3551.png,CZWNHI
3552.png,FRHVJU
3553.png,CQILLT
3554.png,DHIUGS
3555.png,JHJXKM
3556.png,EPTOJT
3557.png,AJZGFD
3558.png,DTJBKV
3559.png,IZOIYV
3560.png,GBLALL
3561.png,EHNCIS
3562.png,OLFIUU
3563.png,MSKPZZ
3564.png,EKTPPL
3565.png,KZEGUU
3566.png,QFNYSR
3567.png,FVKNYN
3568.png,YVNZXH
3569.png,ONHPHS
3570.png,ZQHXIU
3571.png,RSNCGU
3572.png,DYDZJG
3573.png,GYSJTE
3574.png,HIRJBE
3575.png,WAIRPW
3576.png,ZSUADL
3577.png,UGTYTX
3578.png,PNWOOH
3579.png,NBWEMY
3580.png,DHYXBH
3581.png,ZZVKGC
3582.png,HYUZFY
3583.png,LBFUYY
3584.png,CAJACP
3585.png,HFKVFZ
3586.png,XAQSZS
3587.png,JUDFSD
3588.png,UPZVZP
3589.png,BABIEU
3590.png,TMNJOZ
3591.png,JWTRMO
3592.png,PXEHTH
3593.png,AIQUWA
3594.png,HDHZTH
3595.png,GDEUSZ
3596.png,ZGHFIT
3597.png,QSTDON
3598.png,VSYACO
3599.png,ZVXUHR
3600.png,USGBUT
3601.png,YFYCIU
3602.png,GRFGID
3603.png,FHLCRZ
3604.png,ICWQKJ
3605.png,FEHCJA
3606.png,CAHFBN
3607.png,VERQDK
3608.png,KDBIWL
3609.png,TBZUNF
3610.png,MGYWYX
3611.png,JGBUSD
3612.png,VLYZPM
3613.png,GEOQTN
3614.png,NVUGBK
3615.png,VTYHMR
3616.png,YJWTFV
3617.png,JDSIUR
3618.png,IVRKLS
3619.png,HBWMCU
3620.png,GSMSWB
3621.png,YNSDTM
3622.png,PGSWSB
3623.png,DKVWKX
3624.png,OXXUAS
3625.png,WOXVTH
3626.png,MKCTRI
3627.png,MFNFBR
3628.png,DWCBJP
3629.png,OSMXPG
3630.png,PLIFPF
3631.png,TJXWLS
3632.png,MEVRYD
3633.png,RHWVBZ
3634.png,RMUEEB
3635.png,TPIWRB
3636.png,LCYEMY
3637.png,HWRPZC
3638.png,TNBRAJ
3639.png,KZNISD
3640.png,HMROTG
3641.png,XQZZTO
3642.png,ISRKWL
3643.png,WVFAKO
3644.png,LGODMQ
3645.png,OSBIFU
3646.png,ZMLMXJ
3647.png,HUMEAK
3648.png,INUKDX
3649.png,YXTQHJ
3650.png,YJQUFJ
3651.png,GKFBQQ
3652.png,HCCIWQ
3653.png,VBJCQA
3654.png,LJIFYE
3655.png,EWVSNH
3656.png,OHYQNX
3657.png,UKYFLW
3658.png,XXYLMU
3659.png,CKTRWU
3660.png,DJPQIP
3661.png,MKJGMC
3662.png,NEZXQV
3663.png,LBEPRU
3664.png,AXUYDT
3665.png,JBRSIA
3666.png,VKLAHI
3667.png,JWREQU
3668.png,VFVIJN
3669.png,CMBVAY
3670.png,HKDFZG
3671.png,NCPFDD
3672.png,KZASIQ
3673.png,UFFYUC
3674.png,VVHRPP
3675.png,KNPQPL
3676.png,SVMPGY
3677.png,OTSVQI
3678.png,MXULXF
3679.png,QFBVQD
3680.png,MPGDRN
3681.png,CDQQQO
3682.png,AKRYQM
3683.png,OOESHA
3684.png,JQMBCX
3685.png,RDJZCZ
3686.png,ISRDKB
3687.png,SVNGOG
3688.png,YCGTOB
3689.png,COAXHD
3690.png,OHMJIU
3691.png,KIUMSP
3692.png,AXNIEV
3693.png,WZDGBH
3694.png,OLOIAK
3695.png,DGJAMP
3696.png,SQSQWJ
3697.png,GHVDVH
3698.png,JPFTMI
3699.png,PRORAW
3700.png,GPYKCU
3701.png,SCIEWA
3702.png,PBXKBE
3703.png,EOQRYJ
3704.png,YTJRTE
3705.png,FPLHZD
3706.png,GXAZSY
3707.png,TIMAOB
3708.png,NOWTXV
3709.png,YJZOSU
3710.png,VZYZUG
3711.png,MIHJFE
3712.png,YWIQKD
3713.png,LSJWYT
3714.png,EZLQJB
3715.png,HIAKLM
3716.png,QIBONU
3717.png,GWUYOY
3718.png,ZCDPQC
3719.png,ALMXAJ
3720.png,NCKMNQ
3721.png,HFXCCY
3722.png,FVNYKP
3723.png,IVKODC
3724.png,SCJMCX
3725.png,GOGTGD
3726.png,RMSOXJ
3727.png,NKDNWZ
3728.png,NYFZLL
3729.png,TYRBGZ
3730.png,KWIAOS
3731.png,GLATDR
3732.png,BYDOSN
3733.png,HHCUFC
3734.png,VADUGH
3735.png,QYRQFA
3736.png,KNCIEO
3737.png,MBJEYV
3738.png,GJHBFH
3739.png,VSEJIZ
3740.png,DWEIOX
3741.png,SGIIFX
3742.png,KPJOVW
3743.png,DGRVJB
3744.png,IVFVCI
3745.png,YSMABJ
3746.png,IUFKQA
3747.png,PTGANQ
3748.png,NMJKVU
3749.png,XAOLXG
3750.png,ZGDFQR
3751.png,WWCKWX
3752.png,MZIPEU
3753.png,ULDGLM
3754.png,UUFWNO
3755.png,APXHKV
3756.png,JUGODO
3757.png,TEKRVZ
3758.png,CDLISP
3759.png,FKVZKD
3760.png,CNBYJW
3761.png,OONNSL
3762.png,XMDJPL
3763.png,ONVYMR
3764.png,YHVVNA
3765.png,FUUTPC
3766.png,OZOKEU
3767.png,ELLMIR
3768.png,ILDQEH
3769.png,EKFRYW
3770.png,CXONXX
3771.png,ZMZGIN
3772.png,TQZBYS
3773.png,FMSPGB
3774.png,YMTNYT
3775.png,FEDAYY
3776.png,DXLMIW
3777.png,IDHTGR
3778.png,VCGAAB
3779.png,TBOQOS
3780.png,LSZFEV
3781.png,EMNTMS
3782.png,MLONKG
3783.png,ILNMKE
3784.png,ZFIZGL
3785.png,IUQLBX
3786.png,EQXCKZ
3787.png,UAOSIF
3788.png,WIMXKO
3789.png,TBEPGS
3790.png,WOZQFE
3791.png,WXFIGF
3792.png,JMXCJX
3793.png,MKVIAC
3794.png,HBYPGA
3795.png,UHPQNK
3796.png,CPJNWH
3797.png,BCDQXA
3798.png,SJXWAG
3799.png,MYTHRM
3800.png,YDGMGT
3801.png,WZFORN
3802.png,XVMOVP
3803.png,UKZXGA
3804.png,XPZOHH
3805.png,CZYVII
3806.png,BCPPAU
3807.png,KQHSMK
3808.png,GXLEPF
3809.png,BCNNKS
3810.png,GFKBLF
3811.png,YKFAWF
3812.png,BRWILT
3813.png,KFUJJU
3814.png,TBWCBE
3815.png,UCKICW
3816.png,CEALWK
3817.png,XTEWXC
3818.png,LGMQXL
3819.png,MPDBSJ
3820.png,LGSFKL
3821.png,YRMIOB
3822.png,DPXWXX
3823.png,DJCQEH
3824.png,DXZQGC
3825.png,LWJGAV
3826.png,LOZBNN
3827.png,XUTKUU
3828.png,EKPSIC
3829.png,TWGAGP
3830.png,YEJPQY
3831.png,LTGAVI
3832.png,QAJGBD
3833.png,LKAACY
3834.png,RFMNDI
3835.png,GDWFXN
3836.png,WAWAGM
3837.png,VNOZIB
3838.png,MFKCJP
3839.png,QTQXQL
3840.png,ORRYNP
3841.png,BMDRYS
3842.png,TTIKOX
3843.png,RJCWOL
3844.png,SCKRGJ
3845.png,SMERQH
3846.png,QQMCVD
3847.png,MWGEMD
3848.png,RYFNXO
3849.png,LZFMXZ
3850.png,KCLOFR
3851.png,OHHJCD
3852.png,XCBLXK
3853.png,ATXFNY
3854.png,PXBTSP
3855.png,WHJBYT
3856.png,EPATAU
3857.png,DMPMFJ
3858.png,KYOVOO
3859.png,SNDBGF
3860.png,CYFRGI
3861.png,YXGOXY
3862.png,FKBIAE
3863.png,BSKSUZ
3864.png,HKHXHW
3865.png,PBKVJC
3866.png,KQJFWN
3867.png,YGXMRY
3868.png,YOKWQC
3869.png,MKPWPL
3870.png,OCRVYI
3871.png,ESGXEV
3872.png,ATIYIT
3873.png,POLBUK
3874.png,FGXIJN
3875.png,WKDZRZ
3876.png,NINWNR
3877.png,PESDJO
3878.png,YBUCDU
3879.png,WTOUMS
3880.png,OEBMGY
3881.png,KUFRZD
3882.png,ASCBRX
3883.png,BMOPZM
3884.png,EVXVNO
3885.png,DLSWYB
3886.png,RRLNCJ
3887.png,SIJYLE
3888.png,MHESNW
3889.png,LLQJVZ
3890.png,VWJFAI
3891.png,QTGCJD
3892.png,VYIMHY
3893.png,FNFOBU
3894.png,NGIMSU
3895.png,UMKPXF
3896.png,IMPSNK
3897.png,MQHTLK
3898.png,CGTMLC
3899.png,RGGYIH
3900.png,FUAHMK
3901.png,OFJHFS
3902.png,NOKPXO
3903.png,LYROBD
3904.png,HXGBJY
3905.png,UECGSQ
3906.png,YJRIDB
3907.png,XBIPYF
3908.png,CPYAPM
3909.png,PCRXYS
3910.png,BRFRPG
3911.png,KALYKC
3912.png,AKCHJW
3913.png,XBIJJV
3914.png,HEJXTS
3915.png,JHHAKJ
3916.png,ESFMBK
3917.png,QWBWHY
3918.png,ZLMMGD
3919.png,LCZGVH
3920.png,SVSZWS
3921.png,IGESSA
3922.png,JHYQZB
3923.png,LUPQEL
3924.png,LGZRMQ
3925.png,GEQBMV
3926.png,IMGIDS
3927.png,INHBNR
3928.png,PXJGMN
3929.png,LHTPUO
3930.png,MNKGGA
3931.png,SFNLEK
3932.png,XAQLTT
3933.png,CMJTIN
3934.png,MXOFZR
3935.png,AHUQTZ
3936.png,LXXVHY
3937.png,BKNRQO
3938.png,XLCUEJ
3939.png,NTNCJL
3940.png,IKNMUF
3941.png,YYUFSH
3942.png,JJTBML
3943.png,XMDJYU
3944.png,XFXMHS
3945.png,NHSPPA
3946.png,WLIAIQ
3947.png,KHYJLS
3948.png,FEQXBF
3949.png,GCLNHD
3950.png,FDPLHY
3951.png,YYVSJM
3952.png,GKRXVW
3953.png,UTVMHN
3954.png,ULGVIC
3955.png,ZUTXWZ
3956.png,PLVLMK
3957.png,ZZBAEN
3958.png,MPKTHQ
3959.png,IKSXKT
3960.png,ACKVCY
3961.png,GELNEW
3962.png,ZKMZAE
3963.png,WBJJNF
3964.png,RZEEGF
3965.png,HQDKED
3966.png,LQLVPH
3967.png,HCVRAI
3968.png,QTFQNX
3969.png,PAFMGH
3970.png,VSJWRG
3971.png,JJISQE
3972.png,MDDTMA
3973.png,SGVPKH
3974.png,GEJBTO
3975.png,PDNUKA
3976.png,KNTDFP
3977.png,WDAYVE
3978.png,JDPNAY
3979.png,TNWDXE
3980.png,PUQGVX
3981.png,FIBRJC
3982.png,BBVODS
3983.png,UPOZOT
3984.png,XKUPAO
3985.png,MXPQYB
3986.png,LTFDCW
3987.png,LQMCCI
3988.png,WAUVZK
3989.png,XYSAOB
3990.png,KZOFBP
3991.png,UJDEAL
3992.png,TBXPFE
3993.png,JSSYWP
3994.png,WAPLGQ
3995.png,MIEHPH
3996.png,SBWFMN
3997.png,LDKHYM
3998.png,HIGUDM
3999.png,KFFSIC
4000.png,UMHEWE
4001.png,LDSKMK
4002.png,DFEMMD
4003.png,YJSCGZ
4004.png,ZPERGL
4005.png,BOSTVH
4006.png,CRRGRS
4007.png,BGMSYH
4008.png,SPBZVG
4009.png,ALLJOP
4010.png,CRLVIM
4011.png,IYBJBW
4012.png,SNWEYM
4013.png,FOUUEL
4014.png,KUMLEN
4015.png,XFVCTX
4016.png,IKDLYU
4017.png,OGUQDX
4018.png,PLTZGR
4019.png,JANJMF
4020.png,SDOXGT
4021.png,AQFJPW
4022.png,FQTSNN
4023.png,FNORWB
4024.png,KFIYLP
4025.png,MJEZIU
4026.png,OUBOGJ
4027.png,PZMXJM
4028.png,PDBPJC
4029.png,ECKICQ
4030.png,TGYHBZ
4031.png,HJWKNF
4032.png,OMFHZZ
4033.png,AGUHUK
4034.png,CMCQDV
4035.png,PCCFTJ
4036.png,CSDSOW
4037.png,DBLDYI
4038.png,LZPSNL
4039.png,FAOGJQ
4040.png,ITIWPN
4041.png,PLWEGS
4042.png,GJWOLG
4043.png,DSPBMI
4044.png,ZGXRSI
4045.png,UMVBSJ
4046.png,QUMPNM
4047.png,BUDICY
4048.png,XEDFKA
4049.png,DYGTCC
4050.png,DQLCAI
4051.png,DTAAAI
4052.png,JYWGCP
4053.png,SBNLUR
4054.png,HRUAWW
4055.png,ENQFZY
4056.png,ENXTAQ
4057.png,SSLLPJ
4058.png,LEXRCT
4059.png,IOVVJI
4060.png,VSGBIN
4061.png,AFMBIT
4062.png,FRLDGO
4063.png,XANDPD
4064.png,XAEUSF
4065.png,SOJKCB
4066.png,RQHXJY
4067.png,VMQRGJ
4068.png,QWLZNA
4069.png,GKHYVY
4070.png,WTSJBY
4071.png,JKOCBF
4072.png,KRDIHN
4073.png,LISRJE
4074.png,DOSFGC
4075.png,SMJKQL
4076.png,LEBHIR
4077.png,NRTLTD
4078.png,HZQJJD
4079.png,TDNITJ
4080.png,EMCNWP
4081.png,ZCEPFA
4082.png,VAUTZX
4083.png,TUQYQF
4084.png,UFNXUJ
4085.png,EVTEHP
4086.png,OXIWVG
4087.png,XRRWFW
4088.png,YKUJCJ
4089.png,PGQLEZ
4090.png,NUPBGL
4091.png,AEWWKI
4092.png,GMXEOD
4093.png,FDVSLQ
4094.png,NIBRJC
4095.png,SSRJHA
4096.png,PCDVIA
4097.png,YOWXLZ
4098.png,TJMDIO
4099.png,LJSTDO
4100.png,XOVCNZ
4101.png,GPARDF
4102.png,TSPGKS
4103.png,MQMBJX
4104.png,ZQDUQD
4105.png,PEUAZB
4106.png,DNGPUF
4107.png,JRCHBK
4108.png,LWFFRN
4109.png,ANEBIQ
4110.png,QTHKMT
4111.png,XVPPGS
4112.png,OOGSCV
4113.png,KQQCJT
4114.png,YUZWJX
4115.png,FUBOIL
4116.png,CWTYAK
4117.png,XRSWRG
4118.png,MVZFKX
4119.png,JKZUBW
4120.png,JJWRVB
4121.png,HOFJOR
4122.png,YYILQJ
4123.png,MAGZMT
4124.png,KPCXHT
4125.png,QUMOFD
4126.png,JDJDSV
4127.png,YUVEMF
4128.png,KBYNDA
4129.png,XSLQYR
4130.png,UXEDDR
4131.png,UIYFVC
4132.png,VWYQPI
4133.png,GYAWBS
4134.png,RTEXLK
4135.png,WEUQWW
4136.png,MSQOKJ
4137.png,LHLINX
4138.png,JRGOMT
4139.png,CLGOVD
4140.png,DZIMNR
4141.png,LVBTZX
4142.png,QRCELE
4143.png,VTNYQY
4144.png,AYSYPD
4145.png,DHZNAA
4146.png,AFKXZD
4147.png,NJZKOH
4148.png,ALDQDY
4149.png,CVBOOH
4150.png,XQUHAB
4151.png,MOBOOA
4152.png,QYZBNI
4153.png,CBNNPB
4154.png,LRYZWP
4155.png,LLOKTL
4156.png,AFIKUI
4157.png,LQTNDX
4158.png,PZVMEG
4159.png,EKOOSP
4160.png,IEWEYX
4161.png,QMOPJM
4162.png,OFBHKL
4163.png,BPNTVU
4164.png,KWUUTX
4165.png,KNURZP
4166.png,SAGFGR
4167.png,UZFSRR
4168.png,PPTFDB
4169.png,KZFCJF
4170.png,WJKLAG
4171.png,PQOAOJ
4172.png,GLFJAD
4173.png,VKKYYD
4174.png,LYNMQU
4175.png,BCRTPK
4176.png,BUQLYW
4177.png,UAHSCX
4178.png,JERTEN
4179.png,BHFLEW
4180.png,DFUIBQ
4181.png,FXYWOR
4182.png,LVLXBH
4183.png,ONGJTJ
4184.png,WHBDGS
4185.png,EFTXLF
4186.png,BQLTKQ
4187.png,NUWRVB
4188.png,AJKPNF
4189.png,RQQCNM
4190.png,WROUGM
4191.png,QJKMTE
4192.png,UIFKDG
4193.png,GBRFSH
4194.png,VSMUFT
4195.png,JKTVTE
4196.png,GRCHIR
4197.png,OJQUOC
4198.png,FZSNDX
4199.png,SCNKQS
4200.png,KFFTZM
4201.png,BEFYHA
4202.png,IPAMXG
4203.png,IIMBXP
4204.png,GQJKFP
4205.png,ICUXNX
4206.png,XBZPXY
4207.png,RTHJGJ
4208.png,QXHVNF
4209.png,ZAJGON
4210.png,BRQZDP
4211.png,JIIKZQ
4212.png,DMSHAC
4213.png,SKFQOI
4214.png,TJTFVS
4215.png,JCODYA
4216.png,GKLLDO
4217.png,CAIRMM
4218.png,AHFLUD
4219.png,GIGSPQ
4220.png,SUIFTS
4221.png,ZHHCMH
4222.png,NOMXLI
4223.png,RVQHYL
4224.png,UAUIWN
4225.png,SQRMFS
4226.png,QANKGY
4227.png,BKLXSM
4228.png,BUJXAV
4229.png,HUJBZL
4230.png,VENCUW
4231.png,NNSHUX
4232.png,SEJKYR
4233.png,ABSTGG
4234.png,MBNIXE
4235.png,UJFOBG
4236.png,VZLJVZ
4237.png,UKJNKA
4238.png,NFXZZP
4239.png,SOESOI
4240.png,DDQMEV
4241.png,IDDZBG
4242.png,DLJUQY
4243.png,HKZWSX
4244.png,HRRWBD
4245.png,LQLSZA
4246.png,JFYNET
4247.png,EYGRKB
4248.png,QBSVBW
4249.png,MEQXAU
4250.png,FUBOTS
4251.png,AUZDMJ
4252.png,BVEKZB
4253.png,UBOBQU
4254.png,UCAYHC
4255.png,CQUHGV
4256.png,XAPAYO
4257.png,LILRJO
4258.png,FCCYHY
4259.png,EPUJZF
4260.png,UZKIAE
4261.png,IEKBMK
4262.png,SIINSB
4263.png,VBCZFK
4264.png,UNDOQC
4265.png,WYYFFM
4266.png,YHPFAU
4267.png,NTSFEC
4268.png,NGDTTT
4269.png,RUASWX
4270.png,SJHAYV
4271.png,ODYLBF
4272.png,OGDCKM
4273.png,AJYTYC
4274.png,GQFNDD
4275.png,XJSVBQ
4276.png,HEEXQH
4277.png,BXFTSX
4278.png,WOEPDF
4279.png,OQLPWT
4280.png,LGFXEU
4281.png,QAFPZM
4282.png,DKMJJP
4283.png,UYEWPD
4284.png,KIZSKZ
4285.png,ZAYMVW
4286.png,FOJBKO
4287.png,YBILXP
4288.png,XKFVZF
4289.png,IOYPJH
4290.png,KMYAOM
4291.png,WZFRZJ
4292.png,LCAELV
4293.png,NEVVVU
4294.png,OJMDJE
4295.png,JUQEXB
4296.png,OWDTIT
4297.png,JENNNN
4298.png,ECXDXM
4299.png,BWOPUQ
4300.png,EJTNVL
4301.png,MKIWLU
4302.png,EMTPEC
4303.png,SLVZWE
4304.png,HFCZXZ
4305.png,UPXMSZ
4306.png,FYXTXH
4307.png,RFMQVC
4308.png,YSEAJX
4309.png,PYMASS
4310.png,TMIECW
4311.png,ZEVTDN
4312.png,YTBMXW
4313.png,BMUVWA
4314.png,ODUKZQ
4315.png,QFMDTY
4316.png,QKDZCG
4317.png,PMEWBH
4318.png,ZORTKU
4319.png,GOZWBF
4320.png,UHRKBS
4321.png,LVPNOB
4322.png,HLAWYX
4323.png,PWWMFO
4324.png,WZMKKG
4325.png,FIYBBF
4326.png,RABIPB
4327.png,PHHVDD
4328.png,ZALGUK
4329.png,NLCPAZ
4330.png,QLGNIM
4331.png,HOIGFY
4332.png,WCNKGP
4333.png,ZQDNEL
4334.png,ZSFINV
4335.png,PCBCQM
4336.png,CGKLBT
4337.png,KPDEBJ
4338.png,WHHHSC
4339.png,KOMBYJ
4340.png,FDCYIK
4341.png,GSRROT
4342.png,EWMIJU
4343.png,FXWIIX
4344.png,EKZMOH
4345.png,KITSGI
4346.png,JHNPMQ
4347.png,FZVLKP
4348.png,SCCNXG
4349.png,MJNBFL
4350.png,UACBYS
4351.png,KCNYSB
4352.png,ENQTLF
4353.png,TWZRFE
4354.png,ZSFGBG
4355.png,CFWMFA
4356.png,GHKJCW
4357.png,ZTJOMQ
4358.png,NLGDZM
4359.png,MEAUEK
4360.png,OAMQTD
4361.png,JNOXXK
4362.png,BNOXXF
4363.png,WTKMUY
4364.png,ZRVWVO
4365.png,KROTGM
4366.png,BZKGKZ
4367.png,VDRJSY
4368.png,LGVVJQ
4369.png,LMKKLC
4370.png,RRPSFD
4371.png,OBQZOI
4372.png,JDWZUS
4373.png,LOIYEB
4374.png,EUOOIH
4375.png,BSAKJL
4376.png,AVCHJA
4377.png,CJAQCI
4378.png,HVFMYO
4379.png,DPLVDJ
4380.png,WOPXEH
4381.png,KHIDES
4382.png,SZXNZL
4383.png,CZJVEC
4384.png,BKPFAN
4385.png,QGCUTS
4386.png,KYUBCX
4387.png,KLWIGQ
4388.png,GYIKPR
4389.png,QPCYLR
4390.png,MNPKQJ
4391.png,JDKTKY
4392.png,DOIBDA
4393.png,HOSFBE
4394.png,QWYGHC
4395.png,RDZDYY
4396.png,WWUHJI
4397.png,SDQZGE
4398.png,YKGYYJ
4399.png,NLHWXR
4400.png,KORBSD
4401.png,MZDYFP
4402.png,IOUGHV
4403.png,KEDRPU
4404.png,BDCVZI
4405.png,XAWQCB
4406.png,GJOMIW
4407.png,TBNXCY
4408.png,XOPICN
4409.png,XGPEBO
4410.png,ODPBBI
4411.png,DYSWIP
4412.png,EHFEOP
4413.png,BUBJCZ
4414.png,OVGVNA
4415.png,NQOVZR
4416.png,UUAEDB
4417.png,EWWLUA
4418.png,LJHLTK
4419.png,HMNQRJ
4420.png,SMHILO
4421.png,JIDRIW
4422.png,PIJNSX
4423.png,QFXRAF
4424.png,RPUHWW
4425.png,YSWFPF
4426.png,GTKUGT
4427.png,MDOCDH
4428.png,EQJFSD
4429.png,TXJBLP
4430.png,MNARJZ
4431.png,MEEKJR
4432.png,OFBSJQ
4433.png,DXIQJY
4434.png,LBSINE
4435.png,IHPPAN
4436.png,FUALRK
4437.png,AVAKMJ
4438.png,KHFLKD
4439.png,OQSCHC
4440.png,QKMSLC
4441.png,CQGVBY
4442.png,OCBZCY
4443.png,RPONUB
4444.png,NEOWYO
4445.png,ZNIAHE
4446.png,NNFMCN
4447.png,WSDQFA
4448.png,ADESUC
4449.png,UEIAFJ
4450.png,UVPHLZ
4451.png,AEBAGA
4452.png,JBYOOT
4453.png,EUCDXD
4454.png,VJXAWI
4455.png,FIAMDM
4456.png,KYAEZX
4457.png,PAMIIY
4458.png,JTDVWA
4459.png,IPRAMG
4460.png,XMEHVI
4461.png,IYHUGO
4462.png,JWXRWX
4463.png,AFAQBN
4464.png,SGSDSE
4465.png,EJAZOT
4466.png,LWRSQB
4467.png,FVCZFG
4468.png,BISAXV
4469.png,LCZPMG
4470.png,KLLEIV
4471.png,ALBYJX
4472.png,GZWUIW
4473.png,QBKBQG
4474.png,KSMLDW
4475.png,JBVAHL
4476.png,XYTQFG
4477.png,UTFRKE
4478.png,KRNIFC
4479.png,JNRSJN
4480.png,ZEYTRU
4481.png,SXGAZP
4482.png,YYPQAF
4483.png,JSMRZX
4484.png,UMAEOP
4485.png,FIESZY
4486.png,QVZNBS
4487.png,WKVQNA
4488.png,CZCRXT
4489.png,CTXVNY
4490.png,UCNGAF
4491.png,SIMTFH
4492.png,MVZCRG
4493.png,PKIDTM
4494.png,MGHJPF
4495.png,RIPRTH
4496.png,RPSDAV
4497.png,YSAXTT
4498.png,WBBHIB
4499.png,ZIRVYK
4500.png,OIGQBY
4501.png,NUVYTB
4502.png,KKTBQZ
4503.png,ACMLRS
4504.png,SBTYGT
4505.png,RCHFVW
4506.png,CKTNCL
4507.png,HCCBOA
4508.png,MOSHZX
4509.png,DDRUQW
4510.png,ECDTIT
4511.png,OPNJEX
4512.png,WNSVNV
4513.png,TWIIOQ
4514.png,RKCSEQ
4515.png,NQXFKT
4516.png,ZFLAMU
4517.png,ITFKOV
4518.png,UNOXIO
4519.png,STFGJP
4520.png,QSNIMY
4521.png,ELPOIW
4522.png,DFYODZ
4523.png,LHZZQH
4524.png,CPITBQ
4525.png,QOBYDC
4526.png,HSPGEU
4527.png,CIBXRL
4528.png,LODANI
4529.png,UEUMVY
4530.png,ZNKDNV
4531.png,FFOFGP
4532.png,ETMPHQ
4533.png,GDCEQL
4534.png,AWQJLC
4535.png,CZHHXC
4536.png,DBXROO
4537.png,RMZGOI
4538.png,FCKWUQ
4539.png,JYSDCB
4540.png,MRAFGM
4541.png,UZFBCS
4542.png,SMQEQC
4543.png,NXVWKK
4544.png,QQAOZB
4545.png,AGIXVD
4546.png,ONXTVD
4547.png,YNWDLM
4548.png,LXZVBX
4549.png,XMYYVM
4550.png,CROXGA
4551.png,UYVBMF
4552.png,VDXKNW
4553.png,QXTVHY
4554.png,LNRAWC
4555.png,AJVVFL
4556.png,ZJJEZZ
4557.png,MFUUSJ
4558.png,GZARUF
4559.png,QZQUCZ
4560.png,JKZIQU
4561.png,NGJVWQ
4562.png,FWXMZO
4563.png,CTUXNL
4564.png,OFOFOW
4565.png,NOUJER
4566.png,EKQKQF
4567.png,VRHKSF
4568.png,HGXOWH
4569.png,LOFKOE
4570.png,DNNENB
4571.png,IPCIVR
4572.png,YHNNPP
4573.png,KMAEGP
4574.png,KVWGSU
4575.png,WNZHGT
4576.png,FQZSFT
4577.png,YRXMYT
4578.png,NDYHHP
4579.png,WQPOLJ
4580.png,PQDZSZ
4581.png,EYEGAW
4582.png,SLSNCX
4583.png,SRFJPV
4584.png,ASBNII
4585.png,DZURDS
4586.png,NIPZVJ
4587.png,TBGLBH
4588.png,RTEXHY
4589.png,YFSRRP
4590.png,RDMYFV
4591.png,LNVSVX
4592.png,GIYVPB
4593.png,KNZUSJ
4594.png,VUCSDX
4595.png,UCECJD
4596.png,AFLSJX
4597.png,GZBSOZ
4598.png,QXRPFC
4599.png,DMSBWJ
4600.png,WNMUAW
4601.png,XGEDLB
4602.png,AVWNLD
4603.png,TLDJKU
4604.png,WNVNBE
4605.png,NTNRNE
4606.png,INQDOK
4607.png,UZLOSN
4608.png,FENAOV
4609.png,TOJYSZ
4610.png,RWDNWL
4611.png,DZNUWO
4612.png,CUSAWM
4613.png,JBUSHY
4614.png,XNNVYL
4615.png,KFZNSB
4616.png,NOQXVC
4617.png,GAACMS
4618.png,AIPIZU
4619.png,ZGIGLL
4620.png,WDEOGG
4621.png,QQNTEV
4622.png,SUOWUY
4623.png,FPYUGC
4624.png,XVERHX
4625.png,ZKIUQG
4626.png,UHCSYB
4627.png,XZPONL
4628.png,FABTDO
4629.png,RONDLM
4630.png,BQWCWY
4631.png,ZGZHIU
4632.png,HCFXYK
4633.png,XDKHUB
4634.png,DXBRAI
4635.png,KTCOYY
4636.png,XYXFTF
4637.png,FKRLWE
4638.png,OUGBOV
4639.png,ZIZZFE
4640.png,SJVEIF
4641.png,EVBOHI
4642.png,TAHHHV
4643.png,XXQYGC
4644.png,IRMZCT
4645.png,UXXANH
4646.png,NBMNSU
4647.png,TBFFYV
4648.png,GHUJBV
4649.png,GSMYVB
4650.png,JAIMMD
4651.png,LYAUCW
4652.png,TOFSWP
4653.png,WHCXOI
4654.png,FTPYNM
4655.png,CJTLOZ
4656.png,JRUXLG
4657.png,NSKVYZ
4658.png,ZDUWPT
4659.png,RQQKTB
4660.png,KVWSDY
4661.png,QCFIJO
4662.png,TZECIP
4663.png,AQOFKK
4664.png,OCMDHX
4665.png,PRJYBM
4666.png,VMNPMG
4667.png,MJYXBG
4668.png,MTFRUQ
4669.png,HNLFFB
4670.png,JDTPCO
4671.png,IENFPO
4672.png,WHWLAJ
4673.png,HEMREA
4674.png,VPJSDD
4675.png,PSLSRR
4676.png,KLPGDO
4677.png,PBHDVH
4678.png,QMEXXO
4679.png,CRAZWX
4680.png,OBMRMJ
4681.png,FEHEFJ
4682.png,HKOYFU
4683.png,BCGGMF
4684.png,GZYJVX
4685.png,YWOODM
4686.png,ZNSKMZ
4687.png,BCDUXR
4688.png,OKUANS
4689.png,AZOFFG
4690.png,CHIJLZ
4691.png,WQUZWJ
4692.png,UYXGUL
4693.png,GUUYAI
4694.png,LRJLLK
4695.png,LFXKAY
4696.png,YQKGDQ
4697.png,XKJNKW
4698.png,KHBDGE
4699.png,DUCARZ
4700.png,CXLUUW
4701.png,BUMGYR
4702.png,YBYAVQ
4703.png,KJHOKK
4704.png,FOACGK
4705.png,TBAHWI
4706.png,ABLMWD
4707.png,AMITBA
4708.png,ICJVGG
4709.png,ONUUGM
4710.png,ZCLPXN
4711.png,BLQQXU
4712.png,BRBNGL
4713.png,HFYFDV
4714.png,ZXARXM
4715.png,HNHWZA
4716.png,JLWMVB
4717.png,LGUVSV
4718.png,ZJUULQ
4719.png,GRQVTI
4720.png,QCDJAQ
4721.png,EFBMBD
4722.png,YEANPS
4723.png,MCYRKV
4724.png,IPXSBJ
4725.png,XSTOSM
4726.png,QBPNLA
4727.png,IHWNWB
4728.png,FVPBWU
4729.png,CDMREB
4730.png,YJIEHO
4731.png,RXPONV
4732.png,WCJMOM
4733.png,KVJCRC
4734.png,BTITQU
4735.png,EMWIUZ
4736.png,ECYEPG
4737.png,UWJFLF
4738.png,QSOZBX
4739.png,JJBGMM
4740.png,DZEUQJ
4741.png,SUGURK
4742.png,RYANOH
4743.png,CZFLJB
4744.png,XKLVFL
4745.png,HUZHLW
4746.png,KOLXKU
4747.png,TDVUZT
4748.png,PACUDV
4749.png,ATIQVR
4750.png,CBDXAF
4751.png,RWAGHF
4752.png,NYCJZX
4753.png,JWBCBF
4754.png,OQIKOF
4755.png,OSMCOA
4756.png,JALZOY
4757.png,UYPFPA
4758.png,WOSGAK
4759.png,CFZWTV
4760.png,CXKNFD
4761.png,VOQHLL
4762.png,GZWWJB
4763.png,WQOISF
4764.png,YZGARW
4765.png,BAOYGO
4766.png,ZPLPLD
4767.png,XHBNTL
4768.png,KUNSOL
4769.png,EXXACC
4770.png,BIOUWP
4771.png,DXZVFY
4772.png,UGSOJT
4773.png,MSFLIX
4774.png,CQNXMX
4775.png,MJGLMD
4776.png,MZUIWZ
4777.png,BKMSAK
4778.png,MZBSOG
4779.png,HWGNUF
4780.png,FGCQJQ
4781.png,VHKMFZ
4782.png,ADBZVR
4783.png,WTMSPC
4784.png,JWGWAU
4785.png,LPWPME
4786.png,PBRIQS
4787.png,GRSQWM
4788.png,POMDYR
4789.png,KZIGRB
4790.png,HXRBZX
4791.png,HJROQI
4792.png,RSCKLZ
4793.png,PGGUDA
4794.png,HJRYVQ
4795.png,IIPEQK
4796.png,DCAIXI
4797.png,SQDOLS
4798.png,XQXQSN
4799.png,XFWWKD
4800.png,TPDZQT
4801.png,EBHGLF
4802.png,KXVQAJ
4803.png,YZABKC
4804.png,PRDOBN
4805.png,DSOJQA
4806.png,YUUGMS
4807.png,WXSFFM
4808.png,SNOVJQ
4809.png,WZAKQY
4810.png,BROPWW
4811.png,INNIIW
4812.png,VYVFBN
4813.png,LAPDKP
4814.png,TXABIN
4815.png,CNHGJN
4816.png,UILRPY
4817.png,UVCRVW
4818.png,SQYYQY
4819.png,BUZTCK
4820.png,RKBHWM
4821.png,NENBOW
4822.png,TURUFF
4823.png,BIWPSC
4824.png,IBPKEG
4825.png,ITOKJZ
4826.png,MLQXXU
4827.png,PCWWPX
4828.png,SMHNOF
4829.png,KNIDTR
4830.png,KWOIER
4831.png,ELGVFG
4832.png,HKHREB
4833.png,JCDAPK
4834.png,NSLJXJ
4835.png,ARCVAK
4836.png,JHUNHP
4837.png,SKVJDP
4838.png,GQJJQO
4839.png,ZDOWSR
4840.png,ZOSONR
4841.png,YFIWJG
4842.png,KRBAUQ
4843.png,LECHMW
4844.png,NNZBYK
4845.png,XXCEKB
4846.png,THSVLV
4847.png,MPVMOG
4848.png,WXORZU
4849.png,ACGXND
4850.png,GTXYAE
4851.png,HKWZDH
4852.png,RWQMJP
4853.png,VYHNSX
4854.png,VBYRJO
4855.png,MRGTDV
4856.png,TGNHCP
4857.png,ZTBAKX
4858.png,HKMSWW
4859.png,KTMDCB
4860.png,XUNWJM
4861.png,TYFAKF
4862.png,BZCNKD
4863.png,YSJXJW
4864.png,SHGSJU
4865.png,EWTNHX
4866.png,RXPYNF
4867.png,GAAVEW
4868.png,MCYDTB
4869.png,YOHNWL
4870.png,VHDUBY
4871.png,ODOSSO
4872.png,KPIDRP
4873.png,BKWIVS
4874.png,OXETXZ
4875.png,LPMVCF
4876.png,BUMOWY
4877.png,ZWXLTT
4878.png,PBHRMF
4879.png,DQJTNA
4880.png,UKFKAU
4881.png,XVIREK
4882.png,WKVSRM
4883.png,CXGZFI
4884.png,GAGSUM
4885.png,HPJLBX
4886.png,ELQLSV
4887.png,TWFPIS
4888.png,JCDYGA
4889.png,FNAKJY
4890.png,VVGFWG
4891.png,FEDXVM
4892.png,YQGHQT
4893.png,BTMHEQ
4894.png,UULQWC
4895.png,SSAMKE
4896.png,UYXZEU
4897.png,JSOGKF
4898.png,ANPHIQ
4899.png,GNCHUO
4900.png,WVYLWS
4901.png,NHAGEW
4902.png,YIGUOM
4903.png,VOIFUB
4904.png,HPDTOI
4905.png,VOBKBO
4906.png,EOZSOP
4907.png,TJDSHD
4908.png,WLFNJG
4909.png,VIUOHZ
4910.png,XREEUW
4911.png,LSZEEB
4912.png,JHQGLA
4913.png,GRLIES
4914.png,QSTBGM
4915.png,MSOMFF
4916.png,ZNWOGT
4917.png,EJTHHK
4918.png,LBSPJD
4919.png,MBYIGL
4920.png,ZJXZNU
4921.png,AQLEHJ
4922.png,VXOCNI
4923.png,LWKZQA
4924.png,BKAVID
4925.png,FLVYRQ
4926.png,ZDCVGR
4927.png,RMQIEV
4928.png,MDBVZP
4929.png,JDOHGT
4930.png,YWAMOT
4931.png,WIUDYI
4932.png,CXJULE
4933.png,DPSOGG
4934.png,NPFEAU
4935.png,WALGTT
4936.png,RKBKVG
4937.png,HBYPKA
4938.png,FYTGSQ
4939.png,OSCNNI
4940.png,EHWHJB
4941.png,EBOWRX
4942.png,GSUOUU
4943.png,GSSGQG
4944.png,OJSFEV
4945.png,SCEGAF
4946.png,QXMFUT
4947.png,HJSTWS
4948.png,LVCXFK
4949.png,ZUEPNC
4950.png,MIFEAC
4951.png,LHOQWZ
4952.png,YRLLPC
4953.png,ICEWTI
4954.png,VZLDOK
4955.png,JMDFSR
4956.png,CVKRAJ
4957.png,JPVVTG
4958.png,TDTRYD
4959.png,NAUANJ
4960.png,XRQZGA
4961.png,WWFAOO
4962.png,KPFZTG
4963.png,LYXDNP
4964.png,XTZKTH
4965.png,ILITID
4966.png,LYPXUM
4967.png,SBMHWP
4968.png,GZHBHS
4969.png,MGABQR
4970.png,JKSCQM
4971.png,FFAAWY
4972.png,ENPTUY
4973.png,THXQRM
4974.png,HABNUU
4975.png,QWGSGG
4976.png,EITZTC
4977.png,PGVFXT
4978.png,INOOZH
4979.png,NVLOFG
4980.png,SDDMDO
4981.png,ULDTZL
4982.png,CGIUFU
4983.png,ZCBRZJ
4984.png,YEVUDJ
4985.png,GCKJQR
4986.png,RDMUYO
4987.png,TWKUCD
4988.png,SGWHSE
4989.png,LDTSII
4990.png,MZUJIV
4991.png,FJCFBF
4992.png,AREQMH
4993.png,JBUQAE
4994.png,CQVPBA
4995.png,IEKHOG
4996.png,YKEGRM
4997.png,OGQUXN
4998.png,DABGUH
4999.png,DIHEMS
